INSERT IGNORE INTO `cms_groups` (`id`, `group_name`, `position`, `published`, `user_privilege`) VALUES
	(1, 'General', 1, 1, 'all'),
	(3, 'Configuration', 5, 1, 's'),
	(9, 'Setup', 2, 1, 'all'),
	(10, 'Contents', 2, 1, 'all');

INSERT IGNORE INTO `cms_sections` (`id`, `group_id`, `section_name`, `section_alias`, `table_name`, `section_config`, `visibilty`, `display_order`, `user_privilege`) VALUES
	(6, 1, 'Plans', 'plans', 'goStores_ProductServices', '{"customAction":"true","controller":"products","method":"listplans","module":"admin"}\r\n', '1', 8, 'all'),
	(1, 3, 'Manage Groups', 'groups', 'cms_groups', '{\r\n"keyColumn":"id",\r\n"orderBy":{"id":"ASC"},\r\n"publishColumn":"published",\r\n"listColumns":["group_name","user_privilege"],\r\n"showColumns":["id","group_name","position","user_privilege"],\r\n"detailColumns":["id","group_name","position","user_privilege"],\r\n"detailHeaderColumns":["group_name"],\r\n"columns":{\r\n    "id":{"name":"ID","sortable":"true","editoptions":{"type":"hidden"}},\r\n    "group_name":{"name":"Group Name","sortable":"true","searchable":"searchable","editoptions":{"type":"textbox","label":"Group Name","class":"textbox"}},\r\n    "position":{"name":"Display Order","sortable":"true","editoptions":{"type":"textbox","label":"Display Order","class":"textbox"}},\r\n    "user_privilege":{"name":"Privilege","sortable":"true","searchable":"searchable","editoptions":{"type":"select","source":{"all":"All","s":"Superadmin"},"source_type":"array","label":"Privilege","class":"select","enumvalues":{"all":"All","s":"Superadmin"}}}\r\n    },\r\n"opertations":["add","edit","delete","view","publish"]\r\n}', '1', 2, 'all'),
	(2, 3, 'Manage Sections', 'sections', 'cms_sections', '{\r\n"keyColumn":"id",\r\n"orderBy":{"id":"ASC"},\r\n"listColumns":["group_id","section_name","section_alias","visibilty","display_order"],\r\n"showColumns":["id","group_id","section_name","section_alias","table_name","section_config","visibilty","display_order"],\r\n"detailColumns":["id","group_id","section_name","section_alias","table_name","section_config","visibilty","display_order"],\r\n"detailHeaderColumns":["section_name"],\r\n"columns":{\r\n    "id":{"name":"ID","sortable":"true","editoptions":{"type":"hidden"}},\r\n    "group_id":{"name":"Group ID","sortable":"true","searchable":"searchable","editoptions":{"validations":["required"],"type":"select","source":"Cms::getAllGroups","source_type":"function","label":"Group Name","class":"select"},"external":"true","externalOptions":{"externalTable":"cms_groups","externalColumn":"id","externalShowColumn":"group_name"}},\r\n    "section_name":{"name":"Section Name","sortable":"true","searchable":"searchable","editoptions":{"validations":["required"],"type":"textbox","label":"Section Name","class":"textbox"}},\r\n    "section_alias":{"name":"Section Alias","sortable":"true","searchable":"searchable","editoptions":{"validations":["required"],"type":"textbox","label":"Section Alias","class":"textbox"}},\r\n    "table_name":{"name":"Table Name","editoptions":{"validations":["required"],"type":"textbox","label":"Table Name","class":"textbox"}},\r\n    "section_config":{"name":"Section Config","editoptions":{"validations":["required"],"type":"textarea","label":"Section Config","class":"textarea"}},\r\n    "visibilty":{"name":"Make Visible","sortable":"true","searchable":"searchable","editoptions":{"type":"checkbox","label":"Make Visible","class":"inline","default":"yes","enumvalues":{"1":"Visible","0":"Invisible"}}},\r\n    "display_order":{"name":"Display Order","sortable":"true","searchable":"searchable","editoptions":{"type":"textbox","label":"Display Order","class":"textbox"}}\r\n    },\r\n"opertations":["add","edit","delete","view","publish"]\r\n}', '1', 3, 'all'),
	(3, 3, 'Manage Settings', 'manage_settings', 'goStores_cms_settings', '{\r\n"keyColumn":"id",\r\n"listColumns":["cms_set_name","cms_set_value"],\r\n"showColumns":["cms_set_name","cms_set_value"],\r\n"detailColumns":["id","cms_set_name","cms_set_value"],\r\n"detailHeaderColumns":["cms_set_name"],\r\n"columns":{\r\n    "id":{"name":"ID","sortable":"true","editoptions":{"type":"hidden"}},\r\n    "cms_set_name":{"name":"Name","sortable":"true","searchable":"searchable","editoptions":{"type":"disabled","label":"Name"}},\r\n    "cms_set_value":{"name":"Value","sortable":"true","searchable":"searchable","editoptions":{"type":"textbox","label":"Value","class":"textbox"}}\r\n},\r\n"opertations":["edit","view"]\r\n}', '1', 1, 'all'),
	(17, 10, 'Admin Help', 'adminHelp', 'goStores_help', '{\r\n    "keyColumn": "nId",\r\n"detailHeaderColumns":["vTitle"],\r\n    "orderBy": {\r\n        "vTitle": "ASC"\r\n    },\r\n    "where": "goStores_help.eType=\'Admin\'",\r\n    "listColumns": [\r\n        "vTitle",\r\n        "eStatus"\r\n    ],\r\n    "showColumns": [\r\n        "nId",\r\n        "vTitle",\r\n        "tDescription",\r\n        "eType",\r\n        "eStatus"\r\n    ],\r\n    "detailColumns": [\r\n        "nId",\r\n        "vTitle",\r\n        "tDescription",\r\n        "eStatus",\r\n        "eType"\r\n    ],\r\n    "columns": {\r\n        "nId": {\r\n            "name": "ID"\r\n        },\r\n        "vTitle": {\r\n            "name": "Title",\r\n            "sortable": "true",\r\n            "searchable": "searchable",\r\n            "editoptions": {\r\n                "validations": [\r\n                    "required"\r\n                ],\r\n                "type": "textbox",\r\n                "label": "Title",\r\n                "class": "textbox"\r\n            }\r\n        },\r\n        "tDescription": {\r\n            "name": "Description",\r\n            "sortable": "true",\r\n            "searchable": "searchable",\r\n            "editoptions": {\r\n                "validations": [\r\n                    "required"\r\n                ],\r\n                "type": "htmlEditor",\r\n                "label": "Description"\r\n            }\r\n        },\r\n        "eType": {\r\n            "name": "Help Category",\r\n            "sortable": "true",\r\n            "editoptions": {\r\n                "type": "select",\r\n                "source": {\r\n                    "Admin": "Admin",\r\n                    "User": "User"\r\n                },\r\n                "source_type": "array",\r\n                "label": "Category",\r\n                "enumvalues": {\r\n                    "Admin": "Admin",\r\n                    "User": "User"\r\n                }\r\n            }\r\n        },\r\n        "eStatus": {\r\n            "name": "Status",\r\n            "editoptions": {\r\n                "type": "select",\r\n                "source": {\r\n                    "Active": "Active",\r\n                    "Disabled": "Disabled"\r\n                },\r\n                "label": "Status",\r\n                "enumvalues": {\r\n                    "Active": "Active",\r\n                    "Disabled": "Disabled"\r\n                }\r\n            }\r\n        }\r\n    },\r\n    "opertations": [\r\n        "add",\r\n        "edit",\r\n        "delete",\r\n        "view"\r\n    ]\r\n}', '1', 10, 'all'),
	(7, 9, 'Settings', 'settings', ' goStores_Settings', '{"customAction":"true","controller":"module","method":"settingsdisplay","module":"admin"}\r\n', '1', 1, 'all'),
	(8, 1, 'Users', 'user', 'goStores_User', '{\r\n    "keyColumn": "nUId",\r\n    "detailHeaderColumns": [\r\n        "vFirstName",\r\n        "vLastName"\r\n    ],\r\n    "detailHeaderColumnPrefix": "User: ",\r\n    "orderBy": {\r\n        "vFirstName": "ASC"\r\n    },\r\n    "listColumns": [\r\n        "vFirstName",\r\n        "vLastName",\r\n        "vEmail",\r\n        "nStatus",\r\n        "plans"\r\n    ],\r\n    "detailColumns": [\r\n        "nUId",\r\n        "vFirstName",\r\n        "vLastName",\r\n        "vEmail",\r\n        "vInvoiceEmail",\r\n        "vAddress",\r\n        "vCity",\r\n        "vState",\r\n        "vCountry",\r\n        "vZipcode",\r\n        "vPhoneNumber",\r\n        "vFax",\r\n        "nStatus",\r\n        "plans"\r\n    ],\r\n    "showColumns": [\r\n        "nUId",\r\n        "vFirstName",\r\n        "vLastName",\r\n        "vEmail",\r\n        "vInvoiceEmail",\r\n        "vAddress",\r\n        "vCity",\r\n        "vState",\r\n        "vCountry",\r\n        "vZipcode",\r\n        "vPhoneNumber",\r\n        "vFax",\r\n        "nStatus"\r\n    ],\r\n    "columns": {\r\n        "nUId": {\r\n            "name": "ID"\r\n        },\r\n        "vFirstName": {\r\n            "name": "First Name",\r\n            "searchable": "searchable",\r\n            "sortable": "true",\r\n            "editoptions": {\r\n                "validations": [\r\n                    "required"\r\n                ],\r\n                "type": "textbox",\r\n                "label": "First Name",\r\n                "class": "textbox"\r\n            }\r\n        },\r\n        "vLastName": {\r\n            "name": "Last Name",\r\n            "searchable": "searchable",\r\n            "sortable": "true",\r\n            "editoptions": {\r\n                "validations": [\r\n                    "required"\r\n                ],\r\n                "type": "textbox",\r\n                "label": "Last Name",\r\n                "class": "textbox"\r\n            }\r\n        },\r\n        "vEmail": {\r\n            "name": "Contact Email",\r\n            "searchable": "searchable",\r\n            "sortable": "true",\r\n            "editoptions": {\r\n                "validations": [\r\n                    "required"\r\n                ],\r\n                "type": "textbox",\r\n                "label": "Contact Email",\r\n                "class": "textbox"\r\n            }\r\n        },\r\n        "vInvoiceEmail": {\r\n            "name": "Invoice Email",\r\n            "searchable": "searchable",\r\n            "sortable": "true",\r\n            "editoptions": {\r\n                "type": "textbox",\r\n                "label": "Invoice Email",\r\n                "class": "textbox"\r\n            }\r\n        },\r\n        "vAddress": {\r\n            "name": "Address",\r\n            "editoptions": {\r\n                "type": "textbox",\r\n                "label": "Address",\r\n                "class": "textbox"\r\n            }\r\n        },\r\n        "vCity": {\r\n            "name": "City",\r\n            "editoptions": {\r\n                "type": "textbox",\r\n                "label": "City",\r\n                "class": "textbox"\r\n            }\r\n        },\r\n        "vState": {\r\n            "name": "State",\r\n            "editoptions": {\r\n                "type": "textbox",\r\n                "label": "State",\r\n                "class": "textbox"\r\n            }\r\n        },\r\n        "vCountry": {\r\n            "name": "Country",\r\n            "editoptions": {\r\n                "type": "textbox",\r\n                "label": "Country",\r\n                "class": "textbox"\r\n            }\r\n        },\r\n        "vZipcode": {\r\n            "name": "Zip Code",\r\n            "editoptions": {\r\n                "type": "textbox",\r\n                "label": "Zip Code",\r\n                "class": "textbox"\r\n            }\r\n        },\r\n        "vPhoneNumber": {\r\n            "name": "Phone",\r\n            "editoptions": {\r\n                "type": "textbox",\r\n                "label": "Phone",\r\n                "class": "textbox"\r\n            }\r\n        },\r\n        "vFax": {\r\n            "name": "Fax",\r\n            "editoptions": {\r\n                "type": "textbox",\r\n                "label": "Fax",\r\n                "class": "textbox"\r\n            }\r\n        },\r\n        "nStatus": {\r\n            "name": "Status",\r\n            "editoptions": {\r\n                "type": "select",\r\n                "source": {\r\n                    "1": "Active",\r\n                    "2": "Inactive"\r\n                },\r\n                "source_type": "array",\r\n                "label": "Status",\r\n                "class": "select",\r\n                "enumvalues": {\r\n                    "1": "Active",\r\n                    "2": "Inactive"\r\n                }\r\n            },\r\n            "listoptions": {\r\n                "type": "button",\r\n                "customaction": "Admin::changeUserStatus",\r\n                "enumvalues": {\r\n                    "1": "Active",\r\n                    "2": "Inactive"\r\n                },\r\n                "buttonColors": {\r\n                    "1": "green",\r\n                    "2": "red"\r\n                }\r\n            }\r\n        },\r\n        "plans": {\r\n            "name": "Plans",\r\n            "customColumn": "true",\r\n            "customaction": "Admincomponents::getCmsUserPlanDetails"\r\n        }\r\n    },\r\n    "customOperations": {\r\n        "login": {\r\n            "options": {\r\n                "target": "newtab",\r\n                "name": "Login",\r\n                "linkSource": "Admin::getuserLogInUrl"\r\n            }\r\n        }\r\n    },\r\n    "opertations": [\r\n        "view",\r\n        "edit",\r\n        "add",\r\n        "delete"\r\n    ]\r\n}', '1', 7, 'all'),
	(9, 1, 'Dashboard', 'dashboard', 'goStores_ProductLookup', '{\r\n    "dashboardPanel": "true",\r\n    "graphPanel": "true",\r\n    "graphpanelRow": "2",\r\n    "graphPanel1": {\r\n        "columns": "2",\r\n        "graph1": {\r\n            "type": "MSColumn3D",\r\n            "caption":"Total Domain Registrations",\r\n            "xAxisName":"Last 7 Days",\r\n             "yAxisName":"Domain Registaration Count",\r\n            "width":"480",\r\n             "height":"300",\r\n             "dataSetsCount":"2",\r\n             "dataSets":{"dataset1":{"name":"","color":"#D3AC4F","fetchValue":"Admin::getRegistredDomainCount"}}\r\n\r\n        },\r\n        "graph2": {\r\n            "type": "MSLine",\r\n             "caption":"Total Users",\r\n             "xAxisName":"Last 7 Days",\r\n             "yAxisName":"User Count",\r\n            "width":"480",\r\n             "height":"300",\r\n               "dataSetsCount":"1",\r\n              "dataSets":{"dataset1":{"name":"","color":"#D3AC4F","fetchValue":"Admin::getUsersCount"}}\r\n\r\n        }\r\n    },\r\n    "graphPanel2": {\r\n        "columns": "2",\r\n        "graph1": {\r\n            "type": "MSColumn3D",\r\n             "caption":"Total Stores Created",\r\n             "xAxisName":"Last 7 Days",\r\n             "yAxisName":"Store Count",\r\n            "width":"480",\r\n             "height":"300",\r\n               "dataSetsCount":"1",\r\n              "dataSets":{"dataset1":{"name":"","color":"#D3AC4F","fetchValue":"Admin::getStoresCount"}}\r\n        },\r\n        "graph2": {\r\n            "type": "MSColumn3D",\r\n             "caption":"Free Trials By Month",\r\n             "xAxisName":"Last 7 Days",\r\n             "yAxisName":"Free Trails Count",\r\n            "width":"480",\r\n             "height":"300",\r\n               "dataSetsCount":"1",\r\n              "dataSets":{"dataset1":{"name":"","color":"#D3AC4F","fetchValue":"Admin::getFreeTrialsCount"}}\r\n\r\n        }\r\n    }\r\n}', '1', 0, 'all'),
	(10, 1, 'Invoices', 'invoice', 'goStores_Invoice', '\r\n{\r\n    "includeJsFiles": [\r\n        "dateformats.js"\r\n    ],\r\n    "keyColumn": "nInvId",\r\n    "orderBy": {\r\n        "dGeneratedDate": "DESC"\r\n    },\r\n    "detailHeaderColumns": [\r\n        "vInvNo"\r\n    ],\r\n    "detailHeaderColumnPrefix": "Invoice: ",\r\n    "listColumns": [\r\n        "vInvNo",\r\n        "vSubscriptionType",\r\n        "nUId",\r\n        "dGeneratedDate",\r\n        "dDueDate",\r\n        "dPayment",\r\n        "pStatus",\r\n        "nTotal"\r\n    ],\r\n    "detailColumns": [\r\n        "nInvId",\r\n        "vInvNo",\r\n        "vSubscriptionType",\r\n        "vTxnId",\r\n        "nUId",\r\n        "dGeneratedDate",\r\n        "dDueDate",\r\n        "dPayment",\r\n        "pStatus",\r\n        "nTotal"\r\n    ],\r\n    "columns": {\r\n        "nInvId": {\r\n            "name": "ID"\r\n        },\r\n        "vInvNo": {\r\n            "name": "Invoice Number",\r\n            "sortable": "true",\r\n            "customColumn": "true",\r\n            "customaction": "Admincomponents::getCmsInvoiceDetails"\r\n        },\r\n        "pStatus": {\r\n            "name": "Payment Status",\r\n            "customColumn": "true",\r\n            "customaction": "Admincomponents::getPaymentStatus"\r\n        },\r\n        "vSubscriptionType": {\r\n            "name": "Subscription",\r\n            "searchable": "searchable",\r\n            "sortable": "true"\r\n        },\r\n        "vTxnId": {\r\n            "name": "Transaction ID"\r\n        },\r\n        "nUId": {\r\n            "name": "User",\r\n            "sortable": "true",\r\n            "customColumn": "true",\r\n            "customaction": "Admincomponents::getUsernameFromInvoice"\r\n        },\r\n        "dGeneratedDate": {\r\n            "name": "Generated On",\r\n            "searchable": "searchable",\r\n            "sortable": "true",\r\n            "dbFormat": "timestamp",\r\n            "displayFormat": "m/d/Y"\r\n        },\r\n        "dDueDate": {\r\n            "name": "Due On",\r\n            "searchable": "searchable",\r\n            "sortable": "true",\r\n            "dbFormat": "timestamp",\r\n            "displayFormat": "m/d/Y"\r\n        },\r\n        "dPayment": {\r\n            "name": "Paid On",\r\n            "searchable": "searchable",\r\n            "sortable": "true",\r\n            "dbFormat": "timestamp",\r\n            "displayFormat": "m/d/Y"\r\n        },\r\n        "nTotal": {\r\n            "name": "Total Amount",\r\n            "searchable": "searchable",\r\n            "sortable": "true",\r\n            "listHeaderPostfix": "($)",\r\n            "lsHeaderPostfixCustom": "true"\r\n        }\r\n    },\r\n    "opertations": [\r\n        "view"\r\n    ],\r\n    "report": {\r\n        "reportTitle": "Invoices",\r\n        "columns": [\r\n            "vInvNo",\r\n            "vSubscriptionType",\r\n            "vTxnId",\r\n            "nUId",\r\n            "dGeneratedDate",\r\n            "dDueDate",\r\n            "dPayment",\r\n            "pStatus",\r\n            "nTotal"\r\n        ],\r\n        "dateColumn": "dGeneratedDate"\r\n    }\r\n}', '1', 3, 'all'),
	(40, 9, 'Screenshots', 'screenshots', 'goStores_DemoScreenshots', '{\r\n    "keyColumn": "nScreenId",\r\n    "handleFile": "true",\r\n    "orderBy": {\r\n        "nScreenId": "DESC"\r\n    },\r\n    "listColumns": [\r\n        "eType",       \r\n        "vScreenImageId",\r\n        "vActive"       \r\n    ],\r\n    "showColumns": [\r\n        "nScreenId",\r\n        "eType",        \r\n        "vScreenImageId",\r\n        "vActive"       \r\n    ],\r\n    "detailColumns": [\r\n        "nScreenId",\r\n        "eType",       \r\n        "vScreenImageId",\r\n        "vActive"        \r\n    ],\r\n    "columns": {\r\n        "eType": {\r\n            "name": "Screen Type",\r\n            "sortable": "true",\r\n            "searchable": "searchable",\r\n            "editoptions": {\r\n                "type": "select",\r\n                "validations": [\r\n                    "required"\r\n                ],\r\n                "source": {\r\n                    "User": "User Panel Screen",\r\n                    "Admin": "Admin Panel Screen"\r\n                },\r\n                "source_type": "array",\r\n                "label": "Screen Type",\r\n                "class": "select",\r\n                "enumvalues": {\r\n                    "User": "User Panel Screen",\r\n                    "Admin": "Admin Panel Screen"\r\n                }\r\n            }\r\n        },               \r\n        "vScreenImageId": {\r\n            "name": "Screen Image",\r\n            "editoptions": {\r\n                "validations": [\r\n                    "required"\r\n                ],\r\n                "type": "file",\r\n                "label": "Screen Image",\r\n                "class": "file",\r\n                "hint": "User Panel Screen : Ideal Width & Height - 400px X 231px <br> Admin Panel Screen : Ideal Width & Height - 400px X 231px"\r\n            },\r\n            "customColumn": "true",\r\n            "customaction": "Admincomponents::getCmsScreenImage"\r\n        },        \r\n        "vActive": {\r\n            "name": "Status",\r\n            "editoptions": {\r\n                "type": "checkbox",\r\n                "label": "Enable Screen",\r\n                "default": "yes",\r\n                "enumvalues": {\r\n                    "0": "Inactive",\r\n                    "1": "Active"\r\n                }\r\n            },\r\n            "listoptions": {\r\n                "type": "button",\r\n                "customaction": "Admin::changeScreenStatus",\r\n                "enumvalues": {\r\n                    "1": "Active",\r\n                    "0": "Inactive"\r\n                },\r\n                "buttonColors": {\r\n                    "1": "green",\r\n                    "0": "red"\r\n                }\r\n            }\r\n        }\r\n    },\r\n    "opertations": [\r\n        "add",\r\n        "edit",\r\n        "delete",\r\n        "publish"\r\n    ]\r\n}', '1', 7, 'all'),
	(12, 1, 'Feedback', 'feedback', 'goStores_contacts', '{\r\n    "keyColumn": "id",\r\n    "orderBy": {\r\n        "cdate": "ASC"\r\n    },\r\n    "detailHeaderColumns": ["cname"],\r\n    "detailHeaderColumnPrefix": "Feedback: ",\r\n    "listColumns": [\r\n        "cname",\r\n        "cemail",\r\n        "cdescr",\r\n        "cdate"\r\n    ],\r\n    "detailColumns": [\r\n        "id",\r\n        "cname",\r\n        "cemail",\r\n        "cdescr",\r\n        "cdate"\r\n    ],\r\n    "columns": {\r\n    "id":{"name":"ID"},\r\n        "cname": {\r\n            "name": "Customer",\r\n            "searchable": "searchable",\r\n            "sortable": "true"\r\n        },\r\n        "cemail": {\r\n            "name": "Email",\r\n            "searchable": "searchable",\r\n            "sortable": "true"\r\n        },\r\n        "cdescr": {\r\n            "name": "Feedbacks",\r\n            "sortable": "true"\r\n        },\r\n        "cdate": {\r\n            "name": "Date",\r\n            "sortable": "true",\r\n            "dbFormat":"datetime",\r\n            "displayFormat":"m/d/Y"\r\n        }\r\n    },\r\n    "opertations": [\r\n        "view",\r\n        "delete"\r\n    ]\r\n}', '1', 6, 'all'),
	(13, 9, 'Server Info', 'serverinfo', 'goStores_ServerInfo', '{\r\n    "keyColumn": "nserver_id",\r\n    "orderBy": {\r\n        "vserver_name": "ASC"\r\n    },\r\n    "listColumns": [\r\n        "vserver_name",\r\n        "vmakethisserver_default",\r\n        "whm_port",\r\n        "cpanel_port"\r\n    ],\r\n    "showColumns": [\r\n        "nserver_id",\r\n        "vserver_name",\r\n        "whmuser",\r\n        "whmpass",\r\n        "whmip",\r\n        "vserver_hosting_plan",\r\n        "vserver_configfilename",\r\n        "vserver_configfilepath",\r\n\r\n        "whm_port",\r\n        "cpanel_port",\r\n\r\n        "vmakethisserver_default"\r\n    ],\r\n    "detailColumns": [\r\n        "nserver_id",\r\n        "vserver_name",\r\n        "whmuser",\r\n        "whmpass",\r\n        "whmip",\r\n        "vserver_hosting_plan",\r\n        "vserver_configfilename",\r\n        "vserver_configfilepath",\r\n\r\n        "whm_port",\r\n        "cpanel_port",\r\n\r\n        "vmakethisserver_default"\r\n    ],\r\n    "detailHeaderColumns": [\r\n        "vserver_name"\r\n    ],\r\n    "detailHeaderColumnPrefix": "Server Info: ",\r\n    "columns": {\r\n        "nserver_id": {\r\n            "name": "ID",\r\n            "sortable": "true",\r\n            "editoptions": {\r\n                "type": "hidden"\r\n            }\r\n        },\r\n        "vserver_name": {\r\n            "name": "Server",\r\n            "sortable": "true",\r\n            "searchable": "searchable",\r\n            "editoptions": {\r\n                "validations": [\r\n                    "required"\r\n                ],\r\n                "type": "textbox",\r\n                "label": "Server Name",\r\n                "class": "textbox",\r\n                "hint": "Enter your Host name eg: yoursitename.com"\r\n            }\r\n        },\r\n        "whmuser": {\r\n            "name": "WHM User",\r\n            "sortable": "true",\r\n            "editoptions": {\r\n                "validations": [\r\n                    "required"\r\n                ],\r\n                "type": "textbox",\r\n                "label": "WHM User",\r\n                "class": "textbox",\r\n                 "hint": "Enter the WHM user name"\r\n            }\r\n        },\r\n        "whmpass": {\r\n            "name": "WHM Password",\r\n            "editoptions": {\r\n                "validations": [\r\n                    "required"\r\n                ],\r\n                "type": "password",\r\n                "label": "WHM Password",\r\n"noEncryption" : "true",\r\n                "source":"Admincomponents::cipherPassword",           \r\n                "source_type":"function",\r\n                "class": "textbox",\r\n                 "hint": "Enter the WHM password"\r\n            }\r\n        },\r\n        "whmip": {\r\n            "name": "WHM IP",\r\n            "editoptions": {\r\n                "validations": [\r\n                    "required"\r\n                ],\r\n                "type": "textbox",\r\n                "label": "WHM IP",\r\n                "class": "textbox",\r\n                 "hint": "Enter WHM IP"\r\n            }\r\n        },\r\n        "vserver_hosting_plan": {\r\n            "name": "Server Package Name",\r\n            "editoptions": {\r\n                "validations": [\r\n                    "required"\r\n                ],\r\n                "type": "textbox",\r\n                "label": "Server Package Name",\r\n                "class": "textbox",\r\n                 "hint": "Enter the server package name/ hosting package name"\r\n            }\r\n        },\r\n        "vserver_configfilename": {\r\n            "name": "Product Pack Location",\r\n            "editoptions": {\r\n                "validations": [\r\n                    "required"\r\n                ],\r\n                "type": "textbox",\r\n                "label": "Product Pack Location",\r\n                "source":"Admincomponents::getDefaultPackLocation",\r\n                "source_type":"function",\r\n                "class": "textbox",\r\n                 "hint": "Enter the product pack locaton eg: /home/yourWHMusername/public_html/project/products/"\r\n            }\r\n        },\r\n        "vserver_configfilepath": {\r\n            "name": "Setup Landing Location",\r\n            "editoptions": {\r\n                "validations": [\r\n                    "required"\r\n                ],\r\n                "type": "textbox",\r\n                "label": "Setup Landing Location",\r\n"source":"Admincomponents::getDefaultLandingLocation",\r\n                "source_type":"function",\r\n                "class": "textbox",\r\n                 "hint": "Enter the setup landing location eg: /public_html/"\r\n            }\r\n        },\r\n\r\n\r\n         "whm_port": {\r\n            "name": "WHM Port",\r\n            "editoptions": {\r\n                "validations": [\r\n                    "required"\r\n                ],\r\n                "type": "textbox",\r\n                "label": "WHM Port",\r\n                "class": "textbox",\r\n                 "hint": "Enter the WHM Port eg: 2086 / 2087(secure)"\r\n            }\r\n        },\r\n         "cpanel_port": {\r\n            "name": "CPanel Port",\r\n            "editoptions": {\r\n                "validations": [\r\n                    "required"\r\n                ],\r\n                "type": "textbox",\r\n                "label": "CPanel Port",\r\n                "class": "textbox",\r\n                 "hint": "Enter the CPanel Port eg : 2082 / 2083(secure)"\r\n            }\r\n        },\r\n\r\n\r\n\r\n\r\n        "vmakethisserver_default": {\r\n            "name": "Default Server",\r\n            "editoptions": {\r\n                "type": "checkbox",\r\n                "label": "Make Default Server",\r\n                "class": "inline",\r\n                 "hint": "Check this to enable this as default server",\r\n                "default": "NO",\r\n                "enumvalues": {\r\n                    "1": "YES",\r\n                    "0": "NO"\r\n                }\r\n            },\r\n            "listoptions": {\r\n                "type": "button",\r\n                "customaction": "Admin::getServerDefaultUrl",\r\n                "enumvalues": {\r\n                    "1": "YES",\r\n                    "0": "NO"\r\n                },\r\n                "buttonColors": {\r\n                    "1": "green",\r\n                    "0": "red"\r\n                }\r\n            }\r\n        }\r\n    },\r\n    "customActions": {\r\n        "afterEditRecord": "Admincomponents::updateDomainStatus",\r\n        "afterAddRecord": "Admincomponents::updateDomainStatus"\r\n    },\r\n    "opertations": [\r\n        "add",\r\n      "edit",\r\n"delete"\r\n\r\n    ]\r\n}', '1', 5, 'all'),
	(14, 1, 'Plan Features', 'product_service_features', 'goStores_ServiceFeatures', '{\r\n"keyColumn": "nFeatureId",\r\n"orderBy": {\r\n    "nFeatureId": "DESC"\r\n},\r\n"detailHeaderColumns": ["tFeatureName"],\r\n"detailHeaderColumnPrefix": "Plan Feature: ",\r\n"listColumns": [\r\n    "tFeatureName",\r\n    "tValue",\r\n    "eStatus"\r\n],\r\n"showColumns": [\r\n    "nFeatureId",\r\n    "tFeatureName",\r\n    "tValue",\r\n    "eStatus"\r\n],\r\n"detailColumns": [\r\n    "nFeatureId",\r\n    "tFeatureName",\r\n    "tValue",\r\n    "eStatus"\r\n],\r\n"columns": {\r\n    "nFeatureId": {\r\n        "name": "ID",\r\n        "editoptions": {\r\n            "type": "hidden"\r\n        }\r\n    },\r\n    "tFeatureName": {\r\n        "name": "Name",\r\n        "sortable": "true",\r\n        "editoptions": {\r\n            "validations": [\r\n                    "required"\r\n                ],\r\n            "type": "textbox",\r\n            "label": "Name"\r\n        }\r\n    },\r\n    "tValue": {\r\n        "name": "Value",\r\n        "sortable": "true",\r\n        "editoptions": {\r\n            "validations": [\r\n                    "required"\r\n                ],\r\n            "type": "textbox",\r\n            "label": "Value"\r\n        }\r\n    },\r\n    "eStatus": {\r\n        "name": "Status",\r\n        "editoptions": {\r\n            "validations": [\r\n                    "required"\r\n                ],\r\n            "type": "select",\r\n            "source": {\r\n            "Active": "Active",\r\n            "Disabled": "Inactive"\r\n            },\r\n            "source_type": "array",\r\n            "label": "Status",\r\n            "class": "select",\r\n            "enumvalues": {\r\n                "Active": "Active",\r\n                "Disabled": "Inactive"\r\n            }\r\n        },\r\n        "listoptions": {\r\n                "type": "button",\r\n                "customaction": "Admin::changeServiceFeatureStatus",\r\n                "enumvalues": {\r\n                    "Active": "Active",\r\n                    "Disabled": "Inactive"\r\n                },\r\n                "buttonColors": {\r\n                    "Active": "green",\r\n                    "Disabled": "red"\r\n                }\r\n            }\r\n\r\n    }\r\n},\r\n"opertations": [\r\n    "view",\r\n    "edit",\r\n    "add"\r\n    ]\r\n}', '0', 0, 'all'),
	(16, 10, 'User Help ', 'userHelp', 'goStores_help', '{\r\n    "keyColumn": "nId",\r\n"detailHeaderColumns":["vTitle"],\r\n    "orderBy": {\r\n        "vTitle": "ASC"\r\n    },\r\n    "where": "goStores_help.eType=\'User\'",\r\n    "listColumns": [\r\n        "vTitle",\r\n        "eStatus"\r\n    ],\r\n    "showColumns": [\r\n        "nId",\r\n        "vTitle",\r\n        "tDescription",\r\n        "eType",\r\n        "eStatus"\r\n    ],\r\n    "detailColumns": [\r\n        "nId",\r\n        "vTitle",\r\n        "tDescription",\r\n        "eStatus",\r\n        "eType"\r\n    ],\r\n    "columns": {\r\n        "nId": {\r\n            "name": "ID"\r\n        },\r\n        "vTitle": {\r\n            "name": "Title",\r\n            "sortable": "true",\r\n            "searchable": "searchable",\r\n            "editoptions": {\r\n                "validations": [\r\n                    "required"\r\n                ],\r\n                "type": "textbox",\r\n                "label": "Title",\r\n                "class": "textbox"\r\n            }\r\n        },\r\n        "tDescription": {\r\n            "name": "Description",\r\n            "editoptions": {\r\n                "validations": [\r\n                    "required"\r\n                ],\r\n                "type": "htmlEditor",\r\n                "label": "Description"\r\n            }\r\n        },\r\n        "eType": {\r\n            "name": "Help Category",\r\n            "sortable": "true",\r\n            "editoptions": {\r\n                "type": "select",\r\n                "source": {\r\n                    "Admin": "Admin",\r\n                    "User": "User"\r\n                },\r\n                "source_type": "array",\r\n                "label": "Category",\r\n                "enumvalues": {\r\n                    "Admin": "Admin",\r\n                    "User": "User"\r\n                }\r\n            }\r\n        },\r\n        "eStatus": {\r\n            "name": "Status",\r\n            "editoptions": {\r\n                "type": "select",\r\n                "source": {\r\n                    "Active": "Active",\r\n                    "Disabled": "Disabled"\r\n                },\r\n                "label": "Status",\r\n                "enumvalues": {\r\n                    "Active": "Active",\r\n                    "Disabled": "Disabled"\r\n                }\r\n            }\r\n        }\r\n    },\r\n    "opertations": [\r\n        "add",\r\n        "edit",\r\n        "delete",\r\n        "view"\r\n    ]\r\n}', '1', 9, 'all'),
	(15, 1, 'Domains', 'domains', 'goStores_ProductLookup', '{\r\n    "keyColumn": "nPLId",\r\n    "dataSource": "external",\r\n    "dataSourceFunction": "Admincomponents::fetchDomaindata",\r\n    "dataSourceCountFunction": "Admincomponents::fetchDomaindataCount",\r\n    "detailHeaderColumns": [\r\n        "vDomain"\r\n    ],\r\n    "detailHeaderColumnPrefix": "Domain: ",\r\n    "listColumns": [\r\n        "vDomain",\r\n        "nUId",\r\n        "dDateStop",\r\n        "account_operations",\r\n        "products_operations"\r\n    ],\r\n    "detailColumns": [\r\n        "nPLId",\r\n        "vDomain",\r\n        "nUId",\r\n        "dDateStop",\r\n        "account_operations",\r\n        "products_operations"\r\n    ],\r\n    "columns": {\r\n        "nPLId": {\r\n            "name": "ID"\r\n        },\r\n        "vDomain": {\r\n            "name": "Domain",\r\n            "sortable": "true",\r\n            "searchable": "searchable",\r\n            "customColumn": "true",\r\n            "customaction": "Admincomponents::getStoreHostWithAdminNav"\r\n        },\r\n        "nUId": {\r\n            "name": "User",\r\n            "sortable": "true",\r\n            "searchable": "searchable",\r\n            "customColumn": "true",\r\n            "customaction": "Admincomponents::getUsername"\r\n        },\r\n        "dDateStop": {\r\n            "name": "Plan Expiry Date",\r\n            "sortable": "true",\r\n            "searchable": "searchable",\r\n            "customColumn": "true",\r\n            "customaction": "Admincomponents::getPlanExpiryCms"\r\n        },\r\n         "account_operations": {\r\n            "name": "Account",\r\n            "disableDetailedView":"false",\r\n            "customColumn": "true",\r\n            "customaction": "Admincomponents::getAccountSuspendLink"\r\n         },\r\n         "products_operations": {\r\n            "name": "Action", \r\n            "disableDetailedView":"false",           \r\n            "customColumn": "true",\r\n            "customaction": "Admincomponents::getAccountProductsLink"\r\n         }\r\n    },\r\n    "opertations": [\r\n        "view"\r\n    ],\r\n    "includeJsFiles":["cmshelper.js"]\r\n\r\n}', '1', 5, 'all'),
	(18, 1, 'Service History', 'orders', 'goStores_Invoice ', '{"customAction":"true","controller":"service","method":"index","module":"admin"}', '1', 2, 'all'),
	(19, 10, 'Email Template', 'emailtemplates', 'goStores_Cms', '{\n    "keyColumn": "cms_id",\n    "orderBy": {\n        "cms_id": "ASC"\n    },\n    "where": "goStores_Cms.cms_type=\'email_settings\'",\n    "listColumns": [\n        "cms_name",\n        "cms_status"\n    ],\n    "showColumns": [\n        "cms_id",\n        "cms_name",\n        "cms_title",\n        "cms_desc",\n        "cms_status"\n    ],\n    "detailColumns": [\n        "cms_id",\n        "cms_name",\n        "cms_title",\n        "cms_desc",\n        "cms_status"\n    ],\n    "detailHeaderColumns": [\n        "cms_title"\n    ],\n    "columns": {\n        "cms_id": {\n            "name": "ID",\n            "sortable": "true",\n            "editoptions": {\n                "type": "hidden"\n            }\n        },\n        "cms_name": {\n            "name": "Name",\n            "sortable": "true",\n            "editoptions": {\n                "type": "hidden"\n            }\n        },\n        "cms_title": {\n            "name": "Title",\n            "sortable": "true",\n            "editoptions": {\n                "validations": [\n                    "required"\n                ],\n                "type": "textbox",\n                "label": "Title",\n                "class": "textbox"\n            }\n        },\n        "cms_desc": {\n            "name": "Content",\n            "sortable": "true",\n            "editoptions": {\n                "validations": [\n                    "required"\n                ],\n                "type": "htmlEditor",\n                "label": "Content",\n                "class": "textarea"\n            }\n        },\n        "cms_status": {\n            "name": "Status",\n            "editoptions": {\n                "type": "select",\n                "source": {\n                    "0": "Inactive",\n                    "1": "Active"\n                },\n                "source_type": "array",\n                "label": "Status",\n                "class": "select",\n                "enumvalues": {\n                    "0": "Inactive",\n                    "1": "Active"\n                }\n            }\n        }\n    },\n    "opertations": [\n        "edit"\n    ]\n}', '0', 5, 'all'),
	(20, 9, 'Banner Management', 'bannerManagement', 'goStores_Banners', '{\r\n	"keyColumn": "nBannerId",\r\n	"handleFile": "true",\r\n	"orderBy": {\r\n		"nBannerId": "DESC"\r\n	},\r\n	"listColumns": [\r\n		"eType",\r\n		"vBannerUrl",\r\n		"vBannerText",\r\n		"vBannerImageId",\r\n		"vActive",\r\n		"showcount",\r\n		"clickcount",\r\n		"displayOrder"\r\n	],\r\n	"showColumns": [\r\n		"nBannerId",\r\n		"eType",\r\n		"vBannerText",\r\n		"vBannerUrl",\r\n		"vBannerImageId",\r\n		"vActive",\r\n		"showcount",\r\n		"clickcount",\r\n		"displayOrder"\r\n	],\r\n	"detailColumns": [\r\n		"nBannerId",\r\n		"eType",\r\n		"vBannerUrl",\r\n		"vBannerText",\r\n		"vBannerImageId",\r\n		"vActive",\r\n		"showcount",\r\n		"clickcount",\r\n		"displayOrder"\r\n	],\r\n	"columns": {\r\n		"eType": {\r\n			"name": "Banner Type",\r\n			"sortable": "true",\r\n			"searchable": "searchable",\r\n			"editoptions": {\r\n				"type": "select",\r\n				"validations": [\r\n					"required"\r\n				],\r\n				"source_type": "array",\r\n				"label": "Banner Type",\r\n				"class": "select",\r\n				"enumvalues": {\r\n					"Home Page Sliding Banner": "Home Page Sliding Banner"\r\n				},\r\n				"source": {\r\n					"Home Page Sliding Banner": "Home Page Sliding Banner"\r\n				}\r\n			}\r\n		},\r\n		"vBannerUrl": {\r\n			"name": "Banner Url",\r\n			"sortable": "true",\r\n			"searchable": "searchable",\r\n			"editoptions": {\r\n				"type": "textbox",\r\n				"label": "Banner Url"\r\n			}\r\n		},\r\n		"vBannerText": {\r\n			"name": "Banner Text",\r\n			"sortable": "true",\r\n			"editoptions": {\r\n				"type": "textbox",\r\n				"label": "Banner Text"\r\n			}\r\n		},\r\n		"vBannerImageId": {\r\n			"name": "Banner Image",\r\n			"editoptions": {\r\n				"validations": [\r\n					"required"\r\n				],\r\n				"type": "file",\r\n				"label": "Banner Image",\r\n				"class": "file",\r\n				"hint": "Width & Height - 1349px X 520px"\r\n			},\r\n			"customColumn": "true",\r\n			"customaction": "Admincomponents::getCmsBannerImage"\r\n		},\r\n		"showcount": {\r\n			"name": "Impressions",\r\n			"sortable": "true"\r\n		},\r\n		"clickcount": {\r\n			"name": "Click  Count",\r\n			"sortable": "true"\r\n		},\r\n		"displayOrder": {\r\n			"name": "Display  Order",\r\n			"sortable": "true",\r\n			"editoptions": {\r\n				"validations": [\r\n					"required"\r\n				],\r\n				"type": "textbox",\r\n				"label": "Display Order"\r\n			}\r\n		},\r\n		"vActive": {\r\n			"name": "Status",\r\n			"editoptions": {\r\n				"type": "checkbox",\r\n				"label": "Enable Banner",\r\n				"default": "yes",\r\n				"enumvalues": {\r\n					"0": "Inactive",\r\n					"1": "Active"\r\n				}\r\n			},\r\n			"listoptions": {\r\n				"type": "button",\r\n				"customaction": "Admin::changeBannerStatus",\r\n				"enumvalues": {\r\n					"0": "Inactive",\r\n					"1": "Active"\r\n				},\r\n				"buttonColors": {\r\n					"0": "red",\r\n					"1": "green"\r\n				}\r\n			}\r\n		}\r\n	},\r\n	"opertations": [\r\n		"add",\r\n		"edit",\r\n		"delete",\r\n		"publish"\r\n	]\r\n}', '1', 3, 'all'),
	(21, 10, 'Email Scheduler', 'emailscheduler', 'goStores_EmailTemplatesMails', '{\r\n    "keyColumn": "nETMId",\r\n    "detailHeaderColumns": [\r\n        "vMailName"\r\n    ],\r\n    "detailHeaderColumnPrefix": "Email Scheduler: ",\r\n    "orderBy": {\r\n        "nETMId": "DESC"\r\n    },\r\n    "listColumns": [\r\n        "vMailName",\r\n        "nETID",\r\n        "tScheduleTime",\r\n        "eStatus",\r\n        "nMailMode"\r\n    ],\r\n    "detailColumns": [\r\n        "nETMId",\r\n        "vMailName",\r\n        "nETID",\r\n        "tScheduleTime",\r\n        "eStatus",\r\n        "nMailMode"\r\n    ],\r\n    "showColumns": [\r\n        "nETMId",\r\n        "vMailName",\r\n        "nETID",\r\n        "tScheduleTime",\r\n        "eStatus",\r\n        "nMailMode"\r\n    ],\r\n    "columns": {\r\n        "nETMId": {\r\n            "name": "ID",\r\n            "sortable": "true"\r\n        },\r\n        "vMailName": {\r\n            "name": "Mail Name",\r\n            "searchable": "searchable",\r\n            "sortable": "true",\r\n            "editoptions": {\r\n                "validations": [\r\n                    "required"\r\n                ],\r\n                "type": "textbox",\r\n                "label": "Mail Name",\r\n                "class": "textbox"\r\n            }\r\n        },\r\n        "nETID": {\r\n            "name": "Email Template Name",\r\n            "searchable": "searchable",\r\n            "sortable": "true",\r\n            "editoptions": {\r\n                "validations": [\r\n                    "required"\r\n                ],\r\n                "type": "select",\r\n                "source": "Streamsendlogic::getemailTemplateList",\r\n                "source_type": "function",\r\n                "label": "Email Template Name",\r\n                "class": "select"\r\n            },\r\n            "external": "true",\r\n            "externalOptions": {\r\n                "externalTable": "goStores_EmailTemplates",\r\n                "externalColumn": "nETID",\r\n                "externalShowColumn": "vemailTemplateName"\r\n            }\r\n        },\r\n        "tScheduleTime": {\r\n            "name": "Schedule Time",\r\n            "searchable": "searchable",\r\n            "sortable": "true",\r\n            "editoptions": {\r\n                "validations": [\r\n                    "required"\r\n                ],\r\n                "type": "datepicker",\r\n                "label": "Schedule Time",\r\n                "class": "datepicker",\r\n                "dbFormat": "datetime",\r\n                "displayFormat": "m/d/Y"\r\n            },\r\n            "dbFormat": "datetime",\r\n            "displayFormat": "m/d/Y"\r\n        },\r\n        "eStatus": {\r\n            "name": "Status",\r\n            "searchable": "searchable",\r\n            "editoptions": {\r\n                "type": "hidden",\r\n                "class": "hidden",\r\n                "value": "Active"\r\n            },\r\n            "listoptions": {\r\n                "type": "button",\r\n                "customaction": "Admin::changeEmailSchedulerStatus",\r\n                "enumvalues": {\r\n                    "Active": "Active",\r\n                    "Deactive": "Inactive"\r\n                },\r\n                "buttonColors": {\r\n                    "Active": "green",\r\n                    "Deactive": "red"\r\n                }\r\n            }\r\n        },\r\n        "nMailMode": {\r\n            "name": "Mail Mode",\r\n            "searchable": "searchable",\r\n            "sortable": "true",\r\n            "editoptions": {\r\n                "type": "hidden",\r\n                "class": "hidden",\r\n                "value": "Streamsend"\r\n            }\r\n        }\r\n    },\r\n    "customActions": {\r\n        "afterAddRecord": "Streamsendlogic::setScheduleMail",\r\n        "afterEditRecord": "Streamsendlogic::setScheduleMailEdit"\r\n    },\r\n    "opertations": [\r\n        "view",\r\n        "edit",\r\n        "add",\r\n        "delete"\r\n    ]\r\n}', '0', 2, 'all'),
	(22, 1, 'Billing', 'billing', 'goStores_User', '{\r\n    "keyColumn": "nUId",\r\n    "orderBy": { "vFirstName": "ASC"},\r\n    "listColumns": ["vName","vEmail","vInvoiceEmail","vPlan","vStatus"],\r\n    "detailColumns": ["nUId","vName","vEmail","vInvoiceEmail","vPlan","vStatus"],\r\n    "columns": {\r\n        "nUId": {},\r\n        "vName": { "name": "Name","customColumn": "true","customaction": "User::getNameById"},\r\n        "vEmail": {"name": "Email","searchable": "searchable","sortable": "true"},\r\n        "vInvoiceEmail": {"name": "Invoice Email","searchable": "searchable","sortable": "true"},\r\n        "vPlan": {"name": "Plans","customColumn": "true","customaction": "Admincomponents::getUserPlansForCmsListing"},\r\n        "vStatus": {"name": "User Status","customColumn": "true","customaction": "User::getUserStatusById"}\r\n    },\r\n    "opertations": ["view"]\r\n}', '0', 4, 'all'),
	(23, 1, 'User Plans', 'user_plans', 'goStores_ProductServices', '{"customAction":"true","controller":"products","method":"listuserplans","module":"admin"}', '0', 0, 'all'),
	(24, 9, 'Templates', 'paid_templates', 'goStores_PaidTemplates', '{\r\n	"keyColumn": "nTemplateId",\r\n	"handleFile": "true",\r\n	"orderBy": {\r\n		"vTemplateName": "ASC"\r\n	},\r\n	"listColumns": [\r\n		"vTemplateName",\r\n		"vTemplateZipId",\r\n		"vHomeScreenshotId",\r\n		"vInnerScreenshot1Id",\r\n		"vInnerScreenshot2Id",\r\n		"vActive"\r\n	],\r\n	"showColumns": [\r\n		"nTemplateId",\r\n		"vTemplateName",\r\n		"vDescription",\r\n		"vTemplateZipId",\r\n		"vHomeScreenshotId",\r\n		"vInnerScreenshot1Id",\r\n		"vInnerScreenshot2Id",\r\n		"vActive"\r\n	],\r\n	"detailColumns": [\r\n		"nTemplateId",\r\n		"vTemplateName",\r\n		"vDescription",\r\n		"vTemplateZipId",\r\n		"vHomeScreenshotId",\r\n		"vInnerScreenshot1Id",\r\n		"vInnerScreenshot2Id",\r\n		"vActive"\r\n	],\r\n	"columns": {\r\n		"vTemplateName": {\r\n			"name": "Template Name",\r\n			"sortable": "true",\r\n			"searchable": "true",\r\n			"editoptions": {\r\n				"type": "textbox",\r\n				"label": "Template Name"\r\n			}\r\n		},\r\n		"vDescription": {\r\n			"name": "Description",\r\n			"sortable": "true",\r\n			"searchable": "true",\r\n			"editoptions": {\r\n				"type": "textarea",\r\n				"label": "Description"\r\n			}\r\n		},\r\n		"vTemplateZipId": {\r\n			"name": "Template Zip",\r\n			"customColumn": "true",\r\n			"customaction": "Admincomponents::downloadTemplateZip",\r\n			"editoptions": {\r\n				"validations": [\r\n					"required"\r\n				],\r\n				"type": "file",\r\n				"label": "Template Zip",\r\n				"class": "file",\r\n				"hint": "Upload type : .zip file with folders img/TemplateName/ with images and css/ with TemplateName.css file"\r\n			},\r\n			"external": "true",\r\n			"externalOptions": {\r\n				"externalTable": "goStores_files",\r\n				"externalColumn": "file_id",\r\n				"externalShowColumn": "file_id"\r\n			}\r\n		},\r\n		"vHomeScreenshotId": {\r\n			"name": "Home Page Screenshot",\r\n			"editoptions": {\r\n				"validations": [\r\n					"required"\r\n				],\r\n				"type": "file",\r\n				"label": "Home Page Screenshot",\r\n				"class": "file",\r\n				"hint": "Ideal size 295x235"\r\n			},\r\n			"external": "true",\r\n			"externalOptions": {\r\n				"externalTable": "goStores_files",\r\n				"externalColumn": "file_id",\r\n				"externalShowColumn": "file_id"\r\n			}\r\n		},\r\n		"vInnerScreenshot1Id": {\r\n			"name": "Inner Page Screenshot 1",\r\n			"editoptions": {\r\n				"validations": [\r\n					"required"\r\n				],\r\n				"type": "file",\r\n				"label": "Inner Page Screenshot1",\r\n				"class": "file",\r\n				"hint": "Ideal size 295x235"\r\n			},\r\n			"external": "true",\r\n			"externalOptions": {\r\n				"externalTable": "goStores_files",\r\n				"externalColumn": "file_id",\r\n				"externalShowColumn": "file_id"\r\n			}\r\n		},\r\n		"vInnerScreenshot2Id": {\r\n			"name": "Inner Page Screenshot 2",\r\n			"editoptions": {\r\n				"validations": [\r\n					"required"\r\n				],\r\n				"type": "file",\r\n				"label": "Inner Page Screenshot 2",\r\n				"class": "file",\r\n				"hint": "Ideal size 295x235"\r\n			},\r\n			"external": "true",\r\n			"externalOptions": {\r\n				"externalTable": "goStores_files",\r\n				"externalColumn": "file_id",\r\n				"externalShowColumn": "file_id"\r\n			}\r\n		},\r\n		"nCost": {\r\n			"name": "Price",\r\n			"sortable": "true",\r\n			"searchable": "true",\r\n			"listHeaderPostfix": "($)",\r\n			"lsHeaderPostfixCustom": "true",\r\n			"editoptions": {\r\n				"type": "textbox",\r\n				"label": "Price",\r\n				"validations": [\r\n					"required"\r\n				]\r\n\r\n			}\r\n\r\n		},\r\n		"vActive": {\r\n			"name": "Publish",\r\n			"editoptions": {\r\n				"type": "checkbox",\r\n				"label": "Enable Template",\r\n				"default": "yes",\r\n				"enumvalues": {\r\n					"1": "Active",\r\n					"0": "Inactive"\r\n				}\r\n			}\r\n		}\r\n	},\r\n	"opertations": [\r\n		"add",\r\n		"edit",\r\n		"delete",\r\n		"publish"\r\n	]\r\n}', '1', 5, 'all'),
	(25, 9, 'Themes', 'themes', 'goStores_themes', '{\r\n    "keyColumn": "theme_id",\r\n    "orderBy": {\r\n        "theme_id": "ASC"\r\n    },\r\n    "listColumns": [\r\n        "theme_title",\r\n        "theme_name",\r\n        "theme_status",\r\n        "theme_thumbnail"\r\n    ],\r\n    "showColumns": [\r\n        "theme_id",\r\n        "theme_title",\r\n        "theme_name",\r\n        "theme_status"\r\n    ],\r\n    "detailColumns": [\r\n        "theme_id",\r\n        "theme_title",\r\n        "theme_name",\r\n        "theme_status",\r\n        "theme_thumbnail"\r\n    ],\r\n    "columns": {\r\n        "theme_id": {},\r\n        "theme_title": {\r\n            "name": "Theme Title",\r\n            "searchable": "searchable",\r\n            "sortable": "true",\r\n            "editoptions": {\r\n                "type": "disabled",\r\n                "label": "Theme Title"\r\n            }\r\n        },\r\n        "theme_name": {\r\n            "name": "Theme Name",\r\n            "searchable": "searchable",\r\n            "sortable": "true",\r\n            "editoptions": {\r\n                "type": "disabled",\r\n                "label": "Theme Name"\r\n            }\r\n            \r\n        },\r\n        "theme_status": {\r\n            "name": "Theme Status",\r\n            "editoptions": {\r\n                "type": "checkbox",\r\n                "label": "Enable Theme",\r\n                "enumvalues": {\r\n                    "0": "Inactive",\r\n                    "1": "Active"\r\n                }\r\n            },\r\n            "listoptions": {\r\n                "type": "button",\r\n                "customaction": "Admin::changeThemeStatus",\r\n                "enumvalues": {\r\n                    "1": "Active",\r\n                    "0": "Inactive"\r\n                },\r\n                "buttonColors": {\r\n                    "1": "green",\r\n                    "0": "red"\r\n                }\r\n            }\r\n        },\r\n        "theme_thumbnail": {\r\n            "name": "Thumbnail",\r\n            "customColumn": "true",\r\n            "customaction": "Admincomponents::showthumbnail"\r\n        }\r\n    },\r\n    "customActions": {\r\n        "afterEditRecord": "Admincomponents::statusUpdate"\r\n    },\r\n    "opertations": [\r\n        "edit"\r\n    ]\r\n}', '1', 6, 'all'),
	(26, 1, 'Settlements', 'settlements', 'goStores_BillingSettlement', '{\r\n    "keyColumn": "nId",\r\n    "orderBy": {\r\n        "dCreatedOn": "DESC"\r\n    },\r\n    "listColumns": [\r\n        "nUId",\r\n        "nRequestedAmount",\r\n        "tUserComments",\r\n        "dCreatedOn",\r\n        "eStatus"\r\n    ],\r\n    "showColumns": [\r\n        "nId",\r\n        "nSettledAmount",\r\n        "tAdminComments",\r\n        "eStatus"\r\n    ],\r\n    "detailColumns": [\r\n        "nId",\r\n        "nUId",\r\n        "nRequestedAmount",\r\n        "tUserComments",\r\n        "nSettledAmount",\r\n        "tAdminComments",\r\n        "dCreatedOn",\r\n        "eStatus"\r\n    ],\r\n    "columns": {\r\n        "nId": {\r\n            "name": "Settlement Id",\r\n            "editoptions": {\r\n                "type": "hidden"\r\n            }\r\n        },\r\n        "nUId": {\r\n            "name": "User",\r\n            "sortable": "true",\r\n            "searchable": "searchable",\r\n            "external": "true",\r\n            "externalOptions": {\r\n                "externalTable": "goStores_User",\r\n                "externalColumn": "nUId",\r\n                "externalShowColumn": "vUsername"\r\n            }\r\n        },\r\n        "nRequestedAmount": {\r\n            "name": "Requested Amount"\r\n        },\r\n        "tUserComments": {\r\n            "name": "Comments"\r\n        },\r\n        "dCreatedOn": {\r\n            "name": "Sent On",\r\n            "searchable": "searchable",\r\n            "sortable": "true",\r\n            "displayFormat": "m/d/Y"\r\n        },\r\n        "eStatus": {\r\n            "name": "Status",\r\n            "searchable": "searchable",\r\n            "sortable": "true",\r\n            "editoptions": {\r\n                "validations": [\r\n                    "required"\r\n                ],\r\n                "source_type": "array",\r\n                "source": {\r\n                    "Pending": "Pending",\r\n                    "Approved": "Approved",\r\n                    "Rejected": "Rejected"\r\n                },\r\n                "type": "select",\r\n                "label": "Status",\r\n                "class": "select"\r\n            }\r\n        },\r\n        "nSettledAmount": {\r\n            "editoptions": {\r\n                "validations": [\r\n                    "required"\r\n                ],\r\n                "type": "textbox",\r\n                "label": "Settled Amount",\r\n                "class": "textbox"\r\n            },\r\n            "name": "Settled Amount"\r\n        },\r\n        "tAdminComments": {\r\n            "editoptions": {\r\n                "validations": [\r\n                    "required"\r\n                ],\r\n                "type": "textarea",\r\n                "label": "Comments",\r\n                "class": "textarea"\r\n            },\r\n            "name": "Admin Comments"\r\n        }\r\n    },\r\n    "opertations": [\r\n        "view",\r\n        "edit"\r\n    ],\r\n    "report": {\r\n        "reportTitle": "Settlements",\r\n        "columns": [\r\n            "nUId",\r\n            "nRequestedAmount",\r\n            "tUserComments",\r\n            "nSettledAmount",\r\n            "tAdminComments",\r\n            "dCreatedOn",\r\n            "eStatus"\r\n        ],\r\n        "dateColumn": "dCreatedOn"\r\n    }\r\n}', '0', 4, 'all'),
	(27, 9, 'Support', 'support', 'goStores_BillingSettlement', '{"customAction":"true","controller":"index","method":"gotosupport","module":"admin"}', '0', 8, 'all'),
	(28, 1, 'Service Details', 'service_details', 'goStores_ProductServices', '{"customAction":"true","controller":"service","method":"servicedetails","module":"admin"}', '0', 6, 'all'),
	(29, 1, 'User', 'domain_user_tag', 'goStores_User', '{\r\n    "keyColumn": "nUId",\r\n    "orderBy": {\r\n        "vFirstName": "ASC"\r\n    },\r\n    "reference": {\r\n        "referenceTable": "goStores_ProductLookup",\r\n        "referenceColumn": "nUId",\r\n        "referenceTableForiegnKey": "nUId"\r\n    },\r\n    "listColumns": [\r\n        "vFirstName",\r\n        "vLastName",\r\n        "vEmail"\r\n    ],\r\n    "detailColumns": [\r\n        "nUId",\r\n        "vFirstName",\r\n        "vLastName",\r\n        "vEmail"\r\n    ],\r\n    "showColumns": [\r\n        "nUId",\r\n        "vFirstName",\r\n        "vLastName",\r\n        "vEmail"\r\n    ],\r\n    "columns": {\r\n        "nUId": {\r\n            "name": "ID"\r\n        },\r\n        "vFirstName": {\r\n            "name": "First name",\r\n            "searchable": "searchable",\r\n            "sortable": "true",\r\n            "editoptions": {\r\n                "validations": [\r\n                    "required"\r\n                ],\r\n                "type": "textbox",\r\n                "label": "First Name",\r\n                "class": "textbox"\r\n            }\r\n        },\r\n        "vLastName": {\r\n            "name": "Last name",\r\n            "searchable": "searchable",\r\n            "sortable": "true",\r\n            "editoptions": {\r\n                "validations": [\r\n                    "required"\r\n                ],\r\n                "type": "textbox",\r\n                "label": "Last Name",\r\n                "class": "textbox"\r\n            }\r\n        },\r\n        "vEmail": {\r\n            "name": "Email",\r\n            "searchable": "searchable",\r\n            "sortable": "true",\r\n            "editoptions": {\r\n                "validations": [\r\n                    "required"\r\n                ],\r\n                "type": "textbox",\r\n                "label": "Email",\r\n                "class": "textbox"\r\n            }\r\n        }\r\n    },\r\n    "opertations": [\r\n        "view"\r\n    ]\r\n}', '0', 0, 'all'),
	(30, 1, 'Invoice Details', 'invoice_details', 'goStores_Invoice', '{"customAction":"true","controller":"service","method":"invoicedetails","module":"admin"}', '0', 0, 'all'),
	(31, 10, 'Contents', 'static_content', 'goStores_Cms', '{\r\n    "keyColumn": "cms_id",\r\n    "orderBy": {\r\n        "cms_id": "ASC"\r\n    },\r\n    "where": "goStores_Cms.cms_type=\'cms\'",\r\n    "listColumns": [\r\n        "cms_name",\r\n        "cms_title",\r\n        "cms_status"\r\n    ],\r\n    "showColumns": [\r\n        "cms_id",\r\n        "cms_name",\r\n        "cms_title",\r\n        "cms_desc",\r\n        "cms_status"\r\n    ],\r\n    "detailColumns": [\r\n        "cms_id",\r\n        "cms_name",\r\n        "cms_title",\r\n        "cms_desc",\r\n        "cms_status"\r\n    ],\r\n    "detailHeaderColumns": [\r\n        "cms_title"\r\n    ],\r\n    "detailHeaderColumnPrefix": "Content: ",\r\n    "columns": {\r\n        "cms_id": {\r\n            "name": "ID",\r\n            "sortable": "true",\r\n            "editoptions": {\r\n                "type": "hidden"\r\n            }\r\n        },\r\n        "cms_name": {\r\n            "name": "Page Name",\r\n            "sortable": "true",\r\n            "searchable": "searchable",\r\n            "editoptions": {\r\n                "type": "hidden"\r\n            }\r\n        },\r\n        "cms_title": {\r\n            "name": "Display Title",\r\n            "sortable": "true",\r\n            "searchable": "searchable",\r\n            "editoptions": {\r\n                "validations": [\r\n                    "required"\r\n                ],\r\n                "type": "textbox",\r\n                "label": "Title",\r\n                "class": "textbox"\r\n            }\r\n        },\r\n        "cms_desc": {\r\n            "name": "Content",\r\n            "sortable": "true",\r\n            "editoptions": {\r\n                "validations": [\r\n                    "required"\r\n                ],\r\n                "type": "htmlEditor",\r\n                "label": "Content",\r\n                "class": "textarea"\r\n            }\r\n        },\r\n        "cms_status": {\r\n            "name": "Status",\r\n            "editoptions": {\r\n                "type": "select",\r\n                "source": {\r\n                    "0": "Inactive",\r\n                    "1": "Active"\r\n                },\r\n                "source_type": "array",\r\n                "label": "Status",\r\n                "class": "select",\r\n                "enumvalues": {\r\n                    "0": "Inactive",\r\n                    "1": "Active"\r\n                }\r\n            },\r\n            "listoptions": {\r\n                "type": "button",\r\n                "customaction": "Admin::changeContentStatus",\r\n                "enumvalues": {\r\n                    "0": "Inactive",\r\n                    "1": "Active"\r\n                },\r\n                "buttonColors": {\r\n                    "0": "red",\r\n                    "1": "green"\r\n                }\r\n            }\r\n        }\r\n    },\r\n    "opertations": [\r\n        "edit",\r\n        "view"\r\n    ]\r\n}', '1', 2, 'all'),
	(33, 1, 'Coupons', 'coupons', ' goStores_coupon', '{\r\n    "keyColumn": "nCouponId",\r\n    "orderBy": {\r\n        "dCreatedOn": "DESC"\r\n    },\r\n    "detailHeaderColumns": ["vCouponCode"],\r\n    "detailHeaderColumnPrefix": "Coupon: ",\r\n    "listColumns": [\r\n        "vCouponCode",\r\n        "vPricingMode",\r\n        "nCouponValue",\r\n        "dExpireOn",\r\n        "nCouponCount",\r\n        "nCouponUsed"\r\n    ],\r\n    "showColumns": [\r\n        "nCouponId",\r\n        "vCouponCode",\r\n        "nCouponCount",\r\n        "vPricingMode",\r\n        "nCouponValue",\r\n        "dCreatedOn",\r\n        "dExpireOn",\r\n        "vCouponDescription"\r\n    ],\r\n    "detailColumns": [\r\n        "nCouponId",\r\n        "vCouponCode",\r\n        "vCouponDescription",\r\n        "vPricingMode",\r\n        "nCouponValue",\r\n        "dCreatedOn",\r\n        "dExpireOn",\r\n        "nCouponCount",\r\n        "nCouponUsed"\r\n    ],\r\n    "columns": {\r\n        "nCouponId": {\r\n            "name": "ID",\r\n            "editoptions":{"type":"hidden"}\r\n        },\r\n        "nCouponUsed": {\r\n            "name": "Number Of Coupons Used"\r\n        },\r\n        "vCouponCode": {\r\n            "name": "Coupon Code",\r\n            "searchable": "searchable",\r\n            "sortable": "true",\r\n            "editoptions":{\n                "validations":["required"],\n                "type":"textbox",\n                "label":"Coupon Code",\n                "class":"textbox"\n            }\r\n        },\r\n        "nCouponCount": {\r\n            "name": "Number Of Coupons",\r\n            "sortable": "true",\r\n            "editoptions":{\n                  "validations":["required"],\n                  "type":"textbox",\n                  "label":"Number of Coupons",\n                  "class":"textbox"\n            }\r\n        },\r\n        "dCreatedOn": {\r\n            "name": "Created Date",\r\n            "editoptions":{\n                "validations":["required"],\n                "type":"datepicker",\n                "label":"Created Date",\n                "class":"textbox",\n            "dbFormat":"date",\n            "displayFormat":"m/d/Y"\n            },\n            "dbFormat":"date",\n            "displayFormat":"m/d/Y"\r\n        },\r\n        "dExpireOn": {\r\n            "name": "Expiry Date",\r\n            "sortable": "true",\r\n            "editoptions":{\n                "validations":["required"],\n                "type":"datepicker",\n                "label":"Expiry Date",\n                "class":"textbox",\n            "dbFormat":"date",\n            "displayFormat":"m/d/Y"\n            },\n            "dbFormat":"date",\n            "displayFormat":"m/d/Y"\r\n        },\r\n        "vPricingMode": {\r\n            "name": "Pricing Mode",\r\n            "sortable": "true",\r\n            "searchable": "searchable",\r\n            "editoptions":{\r\n                "validations":["required"],\r\n                "type":"select",\r\n                "label":"Pricing Mode",\r\n                "class":"select",\r\n                "source":{"percentage":"Percentage","rate":"Rate"},\r\n                "source_type":"array",\r\n                "enumvalues":{"percentage":"Percentage","rate":"Rate"}\r\n            }\r\n        },\r\n        "nCouponValue": {\r\n            "name": "Coupon Value",\r\n            "sortable": "true",\r\n            "editoptions":{\n                "validations":["required"],\n                "type":"textbox",\n                "label":"Coupon Value",\n                "class":"textbox"\n            }\r\n        },\r\n        "vCouponDescription": {\r\n            "name": "Description",\r\n            "sortable": "true",\r\n            "editoptions":{"type":"textbox","label":"Description","class":"textbox"}\r\n        }\r\n\r\n    },\r\n    "opertations": [\r\n        "add","edit","delete","view"\r\n    ],\r\n    "report": {\r\n        "reportTitle": "Coupons",\r\n        "columns": [\r\n            "vCouponCode",\r\n            "vPricingMode",\r\n            "nCouponValue",\r\n            "dCreatedOn",\r\n            "dExpireOn",\r\n            "nCouponCount",\r\n            "nCouponUsed",\r\n            "vCouponDescription"\r\n        ],\r\n        "dateColumn": "dCreatedOn"\r\n    }\r\n}', '1', 9, 'all'),
	(34, 10, 'Email Content', 'email_content', 'goStores_Cms', '{\r\n"keyColumn": "cms_id",\r\n    "orderBy": {\r\n        "cms_id": "ASC"\r\n    },\r\n"where":"goStores_Cms.cms_type=\'email\'",\r\n\r\n    "listColumns": [\r\n        "cms_name",\r\n        "cms_title",\r\n        "cms_status"\r\n    ],\r\n    "showColumns": [\r\n        "cms_id",\r\n        "cms_name",\r\n        "cms_title",\r\n        "cms_desc",\r\n        "cms_status"\r\n    ],\r\n    "detailColumns": [\r\n        "cms_id",\r\n        "cms_name",\r\n        "cms_title",\r\n        "cms_desc",\r\n        "cms_status"\r\n    ],\r\n    "detailHeaderColumns": [\r\n        "cms_title"\r\n    ],\r\n    "columns": {\r\n        "cms_id": {\r\n            "name": "ID",\r\n            "sortable": "true",\r\n            "editoptions": {\r\n                "type": "hidden"\r\n            }\r\n        },\r\n        "cms_name": {\r\n            "name": "Name",\r\n            "sortable": "true",\r\n            "searchable": "searchable",\r\n            "editoptions": {\r\n                "type": "hidden"\r\n            }\r\n        },\r\n        "cms_title": {\r\n            "name": "Subject",\r\n            "sortable": "true",\r\n            "searchable": "searchable",\r\n            "editoptions": {\r\n                "validations": [\r\n                    "required"\r\n                ],\r\n                "type": "textbox",\r\n                "label": "Subject",\r\n                "class": "textbox"\r\n            }\r\n        },\r\n        "cms_desc": {\r\n            "name": "Content",\r\n            "sortable": "true",\r\n            "editoptions": {\r\n                "validations": [\r\n                    "required"\r\n                ],\r\n                "type": "htmlEditor",\r\n                "label": "Content",\r\n                "class": "textarea"\r\n            }\r\n        },\r\n        "cms_status": {\r\n            "name": "Status",\r\n            "editoptions": {\r\n                "type": "select",\r\n                "source": {\r\n                    "1": "Active",\r\n                    "0": "Inactive"\r\n                },\r\n                "source_type": "array",\r\n                "label": "Status",\r\n                "class": "select",\r\n                "enumvalues": {\r\n                    "1": "Active",\r\n                    "0": "Inactive"\r\n                }\r\n            }\r\n        }\r\n    },\r\n    "opertations": [\r\n        "edit",\r\n        "view"      \r\n    ]\r\n}', '1', 6, 'all'),
	(35, 1, 'Settlement Request', 'settlement_request', 'goStores_billingsettlement', '{\r\n    "keyColumn": "nId",\r\n    "orderBy": {\r\n        "dCreatedOn": "DESC"\r\n    },\r\n    "detailHeaderColumns": [\r\n        "nUId"\r\n    ],\r\n    "detailHeaderColumnPrefix": "Request From: ",\r\n    "listColumns": [\r\n        "nUId",\r\n        "nRequestedAmount",\r\n        "tUserComments",\r\n        "eStatus",\r\n        "dCreatedOn"\r\n    ],\r\n    "detailColumns": [\r\n        "nId",\r\n        "nUId",\r\n        "nRequestedAmount",\r\n        "tUserComments",\r\n        "eStatus",\r\n        "dCreatedOn"\r\n    ],\r\n    "columns": {\r\n        "nId": {\r\n            "name": "ID"\r\n        },\r\n        "nUId": {\r\n            "name": "Customer",\r\n            "sortable": "true",\r\n            "customColumn": "true",\r\n            "customaction": "Admincomponents::getUsernameOfSettledRequest"\r\n        },\r\n        "nRequestedAmount": {\r\n            "name": "Request Amount",\r\n            "searchable": "searchable",\r\n            "sortable": "true"\r\n        },\r\n        "tUserComments": {\r\n            "name": "Comment",\r\n            "sortable": "true"\r\n        },\r\n        "eStatus": {\r\n            "name": "Status",\r\n            "sortable": "true"\r\n        },\r\n        "dCreatedOn": {\r\n            "name": "Requested On",\r\n            "sortable": "true",\r\n            "dbFormat": "date",\r\n            "displayFormat": "m/d/Y"\r\n        }\r\n    },\r\n    "opertations": [\r\n        "view",\r\n        "delete"\r\n    ]\r\n}', '1', 9, 'all'),
	(39, 10, 'Meta Tags', 'meta_tags', 'fw_metadata', '{\r\n "keyColumn": "id",\r\n "detailHeaderColumnPrefix": "Meta Tag : ",\r\n    "detailHeaderColumns": [\r\n        "url"\r\n    ],\r\n    "orderBy": {\r\n        "id": "ASC"\r\n    },\r\n    "listColumns": [\r\n        "url",\r\n        "title",\r\n        "keyword"\r\n    ],\r\n    "showColumns": [\r\n        "id",\r\n        "url",\r\n        "title",\r\n        "keyword",\r\n        "description"\r\n    ],\r\n    "detailColumns": [\r\n        "id",\r\n        "url",\r\n        "title",\r\n        "keyword",\r\n        "description"\r\n    ],\r\n    "columns": {\r\n        "id": {\r\n            "name": "ID",\r\n            "editoptions": {\r\n                "type": "hidden"\r\n            }\r\n        },\r\n        "title": {\r\n            "name": "Meta Title",\r\n            "editoptions": {\r\n                "type": "textbox",\r\n                "label": "Meta Title",\r\n                "class": "textbox",\r\n                "validations": [\r\n                    "required"\r\n                ]\r\n            }\r\n        },\r\n        "keyword": {\r\n            "name": "Meta Keywords",\r\n            "editoptions": {\r\n                "type": "textarea",\r\n                "label": "Meta Keywords",\r\n                "class": "textarea"\r\n            }\r\n        },\r\n        "description": {\r\n            "name": "Meta Description",\r\n            "editoptions": {\r\n                "type": "textarea",\r\n                "label": "Meta Description",\r\n                "class": "textarea"\r\n            }\r\n        },\r\n        "url": {\r\n            "name": "Page Url",\r\n            "sortable": "true",\r\n            "searchable": "searchable",\r\n            "editoptions": {\r\n                "label": "Page Url",\r\n                "type": "textbox",\r\n                "class": "textbox",\r\n                "hint":"<b>Url combinations can be : </b><br/><b style=\'color:red\'> /abc/</b> [exact location abc after your domain name] eg : www.domainname.com/abc/ ,<br/> <b style=\'color:red\'>/abc/* </b> [any combination after location abc after your domain name] eg : www.domainname.com/abc/test1,<br/> <b style=\'color:red\'>* </b>[default value] ",\r\n                "validations": [\r\n                    "required"\r\n                ]\r\n            }\r\n        }\r\n    },\r\n    "opertations": [\r\n        "add",\r\n        "view",\r\n        "edit",\r\n        "delete"\r\n    ]\r\n}', '1', 2, 'all'),
	(37, 10, 'Newsletter Template', 'newsletter_template', 'goStores_EmailTemplates', '{\r\n"keyColumn": "nETId",\r\n"detailHeaderColumns":["vemailTemplateName"],\r\n"detailHeaderColumnPrefix": "Newsletter Template: ",\r\n    "orderBy": {\r\n        "nETId": "DESC"\r\n    },\r\n    "listColumns": [\r\n        "vemailTemplateName",\r\n        "estatus"\r\n    ],\r\n    "detailColumns": [\r\n        "nETId",\r\n        "vemailTemplateName",\r\n        "temailTemplate",\r\n        "estatus"\r\n    ],\r\n    "showColumns": [\r\n        "nETId",\r\n        "vemailTemplateName",\r\n        "temailTemplate",\r\n        "estatus"\r\n    ],\r\n    "columns": {\r\n        "nETId": {\r\n            "name": "ID",\r\n            "editoptions": {\r\n                "type": "hidden"\r\n            }\r\n        },\r\n        "vemailTemplateName": {\r\n            "name": "Template Name",\r\n            "searchable": "searchable",\r\n            "sortable": "true",\r\n            "editoptions": {\r\n                "validations": [\r\n                    "required"\r\n                ],\r\n                "type": "textbox",\r\n                "label": "Template Name",\r\n                "class": "textbox"\r\n            }\r\n        },\r\n        "temailTemplate": {\r\n            "name": "Template",\r\n            "editoptions": {\r\n                "validations": [\r\n                    "required"\r\n                ],\r\n                "type": "htmlEditor",\r\n                "label": "Template",\r\n                "class": "textarea"\r\n            }\r\n        },\r\n        "estatus": {\r\n            "name": "Status",\r\n            "editoptions": {\r\n                "validations": [\r\n                        "required"\r\n                    ],\r\n                "type": "select",\r\n                "source": {\r\n                    "Active": "Active",\r\n                    "Inactive": "Inactive"\r\n                },\r\n                "source_type": "array",\r\n                "label": "Status",\r\n                "class": "select",\r\n                "enumvalues": {\r\n                    "Active": "Active",\r\n                    "Inactive": "Inactive"\r\n                }\r\n            },\r\n            "listoptions": {\r\n                    "type": "button",\r\n                    "customaction": "Admin::changeNewsletterScheduleStatus",\r\n                    "enumvalues": {\r\n                        "Active": "Active",\r\n                        "Inactive": "Inactive"\r\n                    },\r\n                    "buttonColors": {\r\n                        "Active": "green",\r\n                        "Inactive": "red"\r\n                    }\r\n                }\r\n        }\r\n    },\r\n    "opertations": [\r\n        "view",\r\n        "edit",\r\n        "add",\r\n        "delete"\r\n    ]\r\n}', '1', 3, 'all'),
	(38, 1, 'godaddycertify', 'godaddycertify', 'test', '{"customAction":"true","controller":"module","method":"godaddycertify","module":"admin"}\r\n', '0', 1, 'all'),
	(41, 1, 'Domain Renewal Log', 'domain_renewal_log', 'goStores_DomainRenewalLog', '{\r\n    "keyColumn": "id",\r\n     "orderBy": {\r\n                "createdOn": "DESC"\r\n                },\r\n    "detailHeaderColumns": ["vDomain"],\r\n    "detailHeaderColumnPrefix": "Domain Renewal Log for : ",\r\n\r\n    "listColumns": [\r\n        "vDomain",\r\n                    "nUId",\r\n                    "comments",\r\n                    "expireOn",\r\n                    "createdOn",\r\n                    "lastModified",\r\n                    "actionRenew"\r\n    ],\r\n    "detailColumns": [\r\n        "vDomain",\r\n                    "nUId",\r\n                    "comments",\r\n                    "expireOn",\r\n                    "createdOn",\r\n                    "lastModified",\r\n                    "actionRenew"\r\n    ],\r\n    "columns": {\r\n   "vDomain":{\r\n                "name":"Domain",\r\n                "sortable": "true",\r\n                "searchable": "searchable"\r\n                },\r\n       "nUId": {\r\n                "name": "Customer",\r\n                "sortable": "true",\r\n                "customColumn": "true",\r\n                "customaction": "Admincomponents::getUsernameOfSettledRequest",\r\n                "sortable": "true",\r\n                "searchable": "searchable"\r\n            },\r\n       "comments": {\r\n            "name": "Status",\r\n            "sortable": "true",\r\n            "searchable": "searchable"\r\n        },\r\n "expireOn": {\r\n            "name": "Domain Expiry Date",\r\n            "sortable": "true",\r\n            "dbFormat": "date",\r\n            "displayFormat": "m/d/Y",\r\n            "sortable": "true",\r\n            "searchable": "searchable"\r\n        },\r\n         "createdOn": {\r\n            "name": "Log Created On",\r\n            "sortable": "true",\r\n            "dbFormat": "date",\r\n            "displayFormat": "m/d/Y",\r\n            "sortable": "true",\r\n            "searchable": "searchable"\r\n        },\r\n       "lastModified": {\r\n            "name": "Log Modified On",\r\n            "sortable": "true",\r\n            "dbFormat": "date",\r\n            "displayFormat": "m/d/Y",\r\n            "sortable": "true",\r\n            "searchable": "searchable"\r\n        },\r\n            "actionRenew": {\r\n            "name": "Action",\r\n            "disableDetailedView":"false",\r\n            "customColumn": "true",\r\n            "customaction": "Admincomponents::getDomainRenewalLink"\r\n            }\r\n    },\r\n    "opertations": [\r\n        "view"\r\n    ],\r\n    "includeJsFiles":["cmshelper.js"]\r\n}', '1', 10, 'all'),
	(42, 1, 'Sold Template History', 'sold_templates', 'goStores_paidtemplatepurchase', '{\r\n    "includeJsFiles": [\r\n        "dateformats.js"\r\n    ],\r\n    "keyColumn": "id",\r\n    "orderBy": {\r\n        "paidOn": "DESC"\r\n    },\r\n    "listColumns": [\r\n        "nTemplateId",\r\n        "nUId",\r\n        "nPLId",\r\n        "amount",\r\n        "paymentMethod",\r\n        "transactionId",\r\n        "comments",\r\n        "paidOn"\r\n    ],\r\n    "showColumns": [\r\n        "nTemplateId",\r\n        "nUId",\r\n        "nPLId",\r\n        "amount",\r\n        "paymentMethod",\r\n        "transactionId",\r\n        "comments",\r\n        "paidOn"\r\n    ],\r\n    "detailHeaderContent": "Sold Template",\r\n    "detailColumns": [\r\n        "nTemplateId",\r\n        "nUId",\r\n        "nPLId",\r\n        "amount",\r\n        "paymentMethod",\r\n        "transactionId",\r\n        "comments",\r\n        "paidOn"\r\n    ],\r\n    "columns": {\r\n        "nTemplateId": {\r\n            "name": "Template Name",\r\n            "sortable": "true",\r\n            "searchable": "true",\r\n            "external": "true",\r\n            "externalOptions": {\r\n                "externalTable": "goStores_PaidTemplates",\r\n                "externalColumn": "nTemplateId",\r\n                "externalShowColumn": "vTemplateName"\r\n            }\r\n        },\r\n        "nUId": {\r\n            "name": "User",\r\n            "sortable": "true",\r\n            "customColumn": "true",\r\n            "customaction": "Admincomponents::getUsernameOfSoldTemplateCMS"\r\n        },\r\n        "nPLId": {\r\n            "name": "Store",\r\n            "sortable": "true",\r\n            "customColumn": "true",\r\n            "customaction": "Admincomponents::getStoreHostForSoldTemplatePurchaseCms"\r\n        },\r\n        "amount": {\r\n            "name": "Amount",\r\n            "sortable": "true",\r\n            "searchable": "true",\r\n            "listHeaderPostfix": "($)"\r\n        },\r\n        "paymentMethod": {\r\n            "name": "Payment Method",\r\n            "sortable": "true",\r\n            "searchable": "true"\r\n        },\r\n        "transactionId": {\r\n            "name": "Transaction Id",\r\n            "sortable": "true",\r\n            "searchable": "true"\r\n        },\r\n        "comments": {\r\n            "name": "Status",\r\n            "sortable": "true",\r\n            "searchable": "true"\r\n        },\r\n        "paidOn": {\r\n            "name": "Purchase Date",\r\n            "sortable": "true",\r\n            "searchable": "searchable",\r\n            "dbFormat": "timestamp",\r\n            "displayFormat": "m/d/Y"\r\n        }\r\n    },\r\n    "opertations": [\r\n        "view"\r\n    ]\r\n}', '0', 10, 'all'),
	(44, 1, 'Products', 'products', '', '{ "customAction": "true", "controller": "products", "method": "listproducts", "module": "admin" }', '0', 8, 'all'),
	(45, 9, 'Distributors', 'distributors', 'goStores_distributors', '{\r\n	"keyColumn": "nDistibutorId",\r\n	"handleFile": "true",\r\n	"orderBy": {\r\n		"nDistibutorId": "ASC"\r\n	},\r\n	"listColumns": [\r\n		"vDistributorName",\r\n		"vDistributorImage",\r\n		"vDistributorLink",\r\n		"vDistributorDesc",\r\n		"vDistributorStatus"\r\n	],\r\n	"showColumns": [\r\n		"nDistibutorId",\r\n		"vDistributorName",\r\n		"vDistributorImage",\r\n		"vDistributorLink",\r\n		"vDistributorDesc",\r\n		"vDistributorStatus"\r\n	],\r\n	"detailColumns": [\r\n		"nDistibutorId",\r\n		"vDistributorName",\r\n		"vDistributorImage",\r\n		"vDistributorLink",\r\n		"vDistributorDesc",\r\n		"vDistributorStatus"\r\n	],\r\n	"columns": {\r\n		"vDistributorName": {\r\n			"name": "Dsitributor Name",\r\n			"sortable": "true",\r\n			"searchable": "true",\r\n			"editoptions": {\r\n				"type": "textbox",\r\n				"label": "Dsitributor Name"\r\n			}\r\n		},\r\n		"vDistributorLink": {\r\n			"name": "Dsitributor Site",\r\n			"sortable": "true",\r\n			"searchable": "true",\r\n			"editoptions": {\r\n				"type": "textbox",\r\n				"label": "Dsitributor Site"\r\n			}\r\n		},\r\n		"vDistributorDesc": {\r\n			"name": "Description",\r\n			"sortable": "true",\r\n			"searchable": "true",\r\n			"editoptions": {\r\n				"type": "textarea",\r\n				"label": "Description"\r\n			}\r\n		},\r\n		"vDistributorImage": {\r\n			"name": "Distributor Logo",\r\n			"editoptions": {\r\n				"validations": [\r\n					"required"\r\n				],\r\n				"type": "file",\r\n				"label": "Distributor Log",\r\n				"class": "file",\r\n				"hint": "Ideal size 346*208"\r\n			},\r\n			"external": "true",\r\n			"externalOptions": {\r\n				"externalTable": "goStores_files",\r\n				"externalColumn": "file_id",\r\n				"externalShowColumn": "file_id"\r\n			}\r\n		},\r\n		"vDistributorStatus": {\r\n			"name": "Publish",\r\n			"editoptions": {\r\n				"type": "checkbox",\r\n				"label": "Enable Dsitributor",\r\n				"default": "yes",\r\n				"enumvalues": {\r\n					"1": "Active",\r\n					"0": "Inactive"\r\n				}\r\n			}\r\n		}\r\n	},\r\n	"opertations": [\r\n		"add",\r\n		"edit",\r\n		"delete",\r\n		"publish"\r\n	]\r\n}', '0', 5, 'all'),
	(46, 9, 'Partners', 'partners', 'goStores_partners', '{\r\n	"keyColumn": "nPartnerId",\r\n	"handleFile": "true",\r\n	"orderBy": {\r\n		"nPartnerId": "ASC"\r\n	},\r\n	"listColumns": [\r\n		"vPartnerName",\r\n		"vPartnerImage",\r\n		"vPartnerLink",\r\n		"vPartnerDesc",\r\n		"vPartnerStatus"\r\n	],\r\n	"showColumns": [\r\n		"nPartnerId",\r\n		"vPartnerName",\r\n		"vPartnerImage",\r\n		"vPartnerLink",\r\n		"vPartnerDesc",\r\n		"vPartnerStatus"\r\n	],\r\n	"detailColumns": [\r\n		"nPartnerId",\r\n		"vPartnerName",\r\n		"vPartnerImage",\r\n		"vPartnerLink",\r\n		"vPartnerDesc",\r\n		"vPartnerStatus"\r\n	],\r\n	"columns": {\r\n		"vPartnerName": {\r\n			"name": "Dsitributor Name",\r\n			"sortable": "true",\r\n			"searchable": "true",\r\n			"editoptions": {\r\n				"type": "textbox",\r\n				"label": "Dsitributor Name"\r\n			}\r\n		},\r\n		"vPartnerLink": {\r\n			"name": "Dsitributor Site",\r\n			"sortable": "true",\r\n			"searchable": "true",\r\n			"editoptions": {\r\n				"type": "textbox",\r\n				"label": "Dsitributor Site"\r\n			}\r\n		},\r\n		"vPartnerDesc": {\r\n			"name": "Description",\r\n			"sortable": "true",\r\n			"searchable": "true",\r\n			"editoptions": {\r\n				"type": "textarea",\r\n				"label": "Description"\r\n			}\r\n		},\r\n		"vPartnerImage": {\r\n			"name": "Distributor Logo",\r\n			"editoptions": {\r\n				"validations": [\r\n					"required"\r\n				],\r\n				"type": "file",\r\n				"label": "Distributor Log",\r\n				"class": "file",\r\n				"hint": "Ideal size 346*208"\r\n			},\r\n			"external": "true",\r\n			"externalOptions": {\r\n				"externalTable": "goStores_files",\r\n				"externalColumn": "file_id",\r\n				"externalShowColumn": "file_id"\r\n			}\r\n		},\r\n		"vPartnerStatus": {\r\n			"name": "Publish",\r\n			"editoptions": {\r\n				"type": "checkbox",\r\n				"label": "Enable Dsitributor",\r\n				"default": "yes",\r\n				"enumvalues": {\r\n					"1": "Active",\r\n					"0": "Inactive"\r\n				}\r\n			}\r\n		}\r\n	},\r\n	"opertations": [\r\n		"add",\r\n		"edit",\r\n		"delete",\r\n		"publish"\r\n	]\r\n}', '0', 5, 'all');

INSERT IGNORE INTO `cms_users` (`id`, `type`, `username`, `password`, `role_id`, `status`) VALUES
	(1, 'sadmin', 'sadmin', 'c5edac1b8c1d58bad90a246d8f08f53b', 0, 'active'),
	(2, 'admin', 'admin', '21232f297a57a5a743894a0e4a801fc3', 0, 'active');

INSERT IGNORE INTO `dummy` (`num`) VALUES
	(0),
	(1),
	(2),
	(3);

INSERT IGNORE INTO `fw_metadata` (`id`, `url`, `title`, `keyword`, `description`) VALUES
	(6, '/', 'Iscripts Gostores', 'eCommerce store builder,ability to register domain, plans, helpdesk, contact us, MRA, B2B Sales', 'Iscripts Gostores is a professional yet simple tool that creates fast, flexible and user-friendly Shopping Cart Builder.'),
	(8, '/signup', 'Sign Up', 'Sign Up', 'Sign Up'),
	(9, '/storedemo', 'Store Demo', 'Store Demo', 'Store Demo'),
	(10, '/screenshots', 'Screen Shots', 'Screen Shots', 'Screen Shots'),
	(12, '/features/', 'faetures', 'test data features', 'test data'),
	(13, '/plan', 'iScripts Gostores', 'Plan Data, Plan, MRA, MakeReadyArms, Payment, Online sales, Sugn Up, Registration', 'Different plans listed for MRA'),
	(14, '/faq', 'Frequently asked questionsz', 'faqz', 'Frequently asked questionsz'),
	(18, '/allgiftcards', 'its gift', 'welcome', 'welcome its gift'),
	(19, '/cmspages/terms', 'welcome', 'its shopping', 'welcome'),
	(20, '/templates', 'templates', 'templates', 'templates');
;
INSERT IGNORE INTO `sessions` (`session_id`, `session_data`, `expires`) VALUES
	('lfmi3j1mqc3nsj61oodmdcu9g5', 'admin_type|s:6:"sadmin";admin_logged_in|i:1;', 1352552186),
	('vhos4onfc3iolvqk4rjs58bs01', 'adminUser|a:10:{s:6:"userID";s:1:"1";s:10:"userRoleID";s:1:"1";s:8:"username";s:5:"admin";s:13:"userFirstname";s:9:"William s";s:12:"userLastname";s:5:"Brown";s:13:"userLastLogin";s:19:"2012-11-01 15:34:54";s:9:"userEmail";s:28:"williambrown121212@gmail.com";s:10:"userStatus";s:1:"1";s:12:"userRoleName";s:11:"Super Admin";s:11:"userModules";a:10:{i:0;s:8:"Products";i:1;s:15:"Role Management";i:2;s:17:"Module Management";i:3;s:5:"Users";i:4;s:8:"Invoices";i:5;s:7:"Reports";i:6;s:8:"Contents";i:7;s:7:"Coupons";i:8;s:16:"Service Category";i:9;s:8:"Settings";}}sess_staffname|s:5:"admin";sess_staffid|s:1:"1";sess_staffemail|s:28:"williambrown121212@gmail.com";sess_stafffullname|s:15:"William s Brown";sess_isadmin|i:1;chartcount|i:13;', 1352702282),
	('2jch3dq7qgbeeaq3onn4fitj91', 'admin_type|s:6:"sadmin";admin_logged_in|i:1;', 1352703674);

INSERT IGNORE INTO `goStores_admin` (`nAId`, `nRid`, `vUsername`, `vPassword`, `vFirstName`, `vLastName`, `dLastLogin`, `dLastUpdated`, `vEmail`, `nSuperAdmin`, `nStatus`) VALUES
	(1, 1, 'admin', '21232f297a57a5a743894a0e4a801fc3', 'William s', 'Brown', '2013-01-08 16:11:12', '2013-01-08 04:41:12', 'williambrown121212@gmail.com', 1, 1),
	(8, 2, 'stewroshan', '7d02418430ad486837b1c3bd8347dd22', 'Stew', 'Roshan', '2012-09-07 15:54:18', '2012-09-27 22:23:10', 'stew@abc.com', 0, 1),
	(9, 2, 'stewroshans', '5f4dcc3b5aa765d61d8327deb882cf99', 'Stew', 'Roshan', '2012-09-07 18:59:40', '2012-09-27 22:23:10', 'stew@abc.com', 0, 1),
	(14, 7, 'krishna', 'e10adc3949ba59abbe56e057f20f883e', 'krishna', 'pv', '2012-09-28 14:37:17', '2012-09-28 04:07:17', 'krishnapriya.p@armiasystems.com', 0, 1),
	(10, 2, 'stewroshan Andrew', '5f4dcc3b5aa765d61d8327deb882cf99', 'Stew', 'Roshan', '2012-09-07 19:00:20', '2012-09-27 22:23:10', 'stew@abc.com', 0, 1),
	(12, 8, 'Roshanstew', '4534344e975e9af0132fcad81a550b27', 'Roshan', 'Stew', '2012-09-11 19:33:06', '2012-09-27 22:23:10', 'rst@test.com', 0, 2),
	(13, 7, 'hana', '75509430cb6494ce72ff65a9e041a815', 'Hana', 'Joe', '2012-09-28 09:03:20', '2012-09-28 03:15:14', 'meena.s@armiasystems.com', 0, 1),
	(16, 3, 'krishna_2', '81dc9bdb52d04dc20036dbd8313ed055', 'krishna', 'pv', '2012-09-14 11:26:49', '2012-09-27 22:23:10', 'krishnapriya.p2@armiasystems.com', 0, 1),
	(17, 3, 'krishna_3', '81dc9bdb52d04dc20036dbd8313ed055', 'krishna', 'pv', '2012-09-14 11:27:22', '2012-09-27 22:23:10', 'krishnapriya.p3@armiasystems.com', 0, 1),
	(18, 3, 'krishna_4', '81dc9bdb52d04dc20036dbd8313ed055', 'krishna', 'pv', '2012-09-14 11:27:39', '2012-09-27 22:23:10', 'krishnapriya.p4@armiasystems.com', 0, 1),
	(20, 4, 'krishna_6', '81dc9bdb52d04dc20036dbd8313ed055', 'krishna', 'pv', '2012-09-14 11:34:45', '2012-09-27 22:23:10', 'krishnapriya.p6@armiasystems.com', 0, 1),
	(21, 3, 'krishna_7', '81dc9bdb52d04dc20036dbd8313ed055', 'krishna', 'pv', '2012-09-14 11:38:25', '2012-09-27 22:23:10', 'krishnapriya.p7@armiasystems.com', 0, 1),
	(23, 2, 'reeja', 'e10adc3949ba59abbe56e057f20f883e', 'Reeja', '', '2012-09-19 16:30:54', '2012-09-27 22:23:10', 'reeja.l@armiasystems.com', 0, 1);

INSERT IGNORE INTO `goStores_Banners` (`nBannerId`, `vBannerText`, `vBannerUrl`, `vBannerImageId`, `vActive`, `showcount`, `clickcount`, `eType`, `displayOrder`) VALUES
	(24, '', '', 1013, '1', 0, 2, 'Home Page Sliding Banner', 4),
	(25, '', '', 1012, '1', 0, 6, 'Home Page Sliding Banner', 3),
	(9, '', '', 885, '0', 981, 27, 'Home Page Sliding Banner', 3),
	(10, '', '', 1015, '1', 3624, 40, 'Home Page Sliding Banner', 2),
	(11, '', '', 1014, '1', 4217, 35, 'Home Page Sliding Banner', 1),
	(27, 'test', 'www.google.com', 1017, '1', 0, 0, 'Home Page Sliding Banner', 5);

INSERT IGNORE INTO `goStores_Cms` (`cms_id`, `cms_name`, `cms_ref_title`, `cms_type`, `cms_title`, `cms_desc`, `cms_shortdesc`, `cms_status`) VALUES
	(2, 'aboutus', '', 'cms', 'About Us', 'Iscripts Gostores mission is to create a secure, firearms friendly platform for merchants with FFLs (Federal Firearms Licensees) though it can be used by non-FFL in the shooting sports and outdoor communities. A place where you can launch your own E-commerce marketplace, process transactions and seamlessly connect to industry distributors offering thousands of products WITH LIVE UPDATE CAPABILITIES. Ensuring that your business is providing your customers with the largest selection from top brands in the industry at the highest efficiencyccccccccccccccccccccccccccccccccccccccccccc<br>', '', 1),
	(3, 'USER_REGISTRATION', '', 'email', 'User Registration', '<p>Hi {USERNAME},</p> <p>Your {SITE_NAME} account setup completed. Please find your details below</p> <p>Login&#160; Address: {USEREMAIL}</p> <p>Password : {USERPASSWORD}</p> <p>&#160;</p> <p>Thanks</p> <p>{SITE_NAME} Team</p>', '', 1),
	(5, 'LOGIN_CREDENTIALS_CHANGE', '', 'email', 'Changed Login Credentials {SITE_NAME}', '<p>\r\n	Dear {MEMBER_NAME},</p>\r\n<br />\r\n<br />\r\n<table border="0" cellpadding="4" cellspacing="1" width="100%">\r\n	<tbody>\r\n		<tr bgcolor="#ffffff">\r\n			<td align="left" colspan="2">\r\n				Welcome to {SITE_NAME}.<br />\r\n				<b><u>Your changed account details as follows :</u></b></td>\r\n		</tr>\r\n		<tr bgcolor="#ffffff">\r\n			<td align="left" width="14%">\r\n				User Name</td>\r\n			<td width="86%">\r\n				{USER_NAME}</td>\r\n		</tr>\r\n		<tr bgcolor="#ffffff">\r\n			<td align="left">\r\n				Password</td>\r\n			<td>\r\n				{PASSWORD}</td>\r\n		</tr>\r\n		<tr bgcolor="#ffffff">\r\n			<td align="left" colspan="2">\r\n				<b><u>Click the following link to login to your account :</u></b></td>\r\n		</tr>\r\n		<tr bgcolor="#ffffff">\r\n			<td align="left" colspan="2">\r\n				{LOGIN_LINK}</td>\r\n		</tr>\r\n		<tr bgcolor="#ffffff">\r\n			<td align="left" colspan="2">\r\n				Thank You,</td>\r\n		</tr>\r\n		<tr bgcolor="#ffffff">\r\n			<td align="left" colspan="2">\r\n				{SITE_URL}</td>\r\n		</tr>\r\n	</tbody>\r\n</table>\r\n<p>\r\n	&nbsp;</p>', '', 1),
	(6, 'forgotpassword', '', 'email', 'Changed Login Credentials {SITE_NAME}', '<p>\r\n	Dear {MEMBER_NAME},</p>\r\n<br />\r\n<br />\r\n<table border=\\"0\\" cellpadding=\\"4\\" cellspacing=\\"1\\" width=\\"100%\\">\r\n	<tbody>\r\n		<tr bgcolor=\\"#ffffff\\">\r\n			<td align=\\"left\\" colspan=\\"2\\">\r\n				Welcome to {SITE_NAME}.<br />\r\n				<b><u>Your changed account details as follows :</u></b></td>\r\n		</tr>\r\n		<tr bgcolor=\\"#ffffff\\">\r\n			<td align=\\"left\\" width=\\"14%\\">\r\n				User Name</td>\r\n			<td width=\\"86%\\">\r\n				{USER_NAME}</td>\r\n		</tr>\r\n		<tr bgcolor=\\"#ffffff\\">\r\n			<td align=\\"left\\">\r\n				Password</td>\r\n			<td>\r\n				{PASSWORD}</td>\r\n		</tr>\r\n		<tr bgcolor=\\"#ffffff\\">\r\n			<td align=\\"left\\" colspan=\\"2\\">\r\n				<b><u>Click the following link to login to your account :</u></b></td>\r\n		</tr>\r\n		<tr bgcolor=\\"#ffffff\\">\r\n			<td align=\\"left\\" colspan=\\"2\\">\r\n				{ACTIVATION_LINK}</td>\r\n		</tr>\r\n		<tr bgcolor=\\"#ffffff\\">\r\n			<td align=\\"left\\" colspan=\\"2\\">\r\n				Thank You,</td>\r\n		</tr>\r\n		<tr bgcolor=\\"#ffffff\\">\r\n			<td align=\\"left\\" colspan=\\"2\\">\r\n				{SITE_URL}</td>\r\n		</tr>\r\n	</tbody>\r\n</table>\r\n<p>\r\n	&nbsp;</p>', '', 1),
	(8, 'contactus', '', 'cms', 'Contact Us', '&#160;', '', 0),
	(10, 'forgotpasswordemail', '', 'email', 'Forgot Password', '<p>Hi {USERNAME},</p> <p>We have received  your password reset request.</p><p>{PASSWORDLINK}</p>  <p>Thanks</p>  <p>{SITE_NAME} Team</p>', '', 1),
	(14, 'invoice', '', 'email', 'Purchase Details {SITE_NAME}', '<p>Dear {MEMBER_NAME},<br> 	<br> 	Thank you for the interest shown in {COMPANY_NAME}.<br> 	The following is the invoice details, not receipt in regard to the purchase with {COMPANY_NAME}.</p>', '', 1),
	(13, 'disclaimernotice', '', 'cms', 'Disclaimer Notice', '', '', 1),
	(15, 'free_trial_expiry_notification', '', 'email', 'Your {SITE_NAME} {PRODUCT_NAME} Free Trial will expire on {EXPIRY_DATE}', '<p>\r\n	Dear {MEMBER_NAME},<br />\r\n	<br />\r\n	Your {SITE_NAME} {PRODUCT_NAME} Free Trial will expire on {EXPIRY_DATE}.<br />\r\n	Hurry up! login to your account and upgrade the service to avail the site in {SITE_NAME} environment.</p>\r\n<p>\r\n	{SITE_NAME} Team</p>', '', 1),
	(16, 'free_trial_expired_notification', '', 'email', 'Your {SITE_NAME} {PRODUCT_NAME} Free Trial  expired', '<p>\r\n	Dear {MEMBER_NAME},<br />\r\n	<br />\r\n	Your {SITE_NAME} {PRODUCT_NAME} Free Trial has expired on {EXPIRY_DATE}.<br />\r\n	Hurry up! login to your account and upgrade the service immediately to avail the site in {SITE_NAME} environment.</p>\r\n<p>\r\n	{SITE_NAME} Team</p>', '', 1),
	(19, 'email_template', '', 'email_settings', 'Email Template', '<table width="600" cellspacing="0" cellpadding="0" border="0" style="border:1px solid #ccc;background-color:#fdfdfd">      <tbody>         <tr>             <td height="5" colspan="3">&#160;</td>         </tr>         <tr>             <td width="5">&#160;</td>             <td width="586"><table width="100%" cellspacing="0" cellpadding="0" border="0">                     <tbody>                         <tr>                             <td height="56"><table width="100%" cellspacing="0" cellpadding="0" border="0">                                     <tbody>                                         <tr>                                             <td width="2%" height="80">&#160;</td>                                             <td width="37%"><img height="40" src="{SITE_LOGO}" alt=""></td>                                             <td width="61%"><p style="font-family:Arial,Helvetica,sans-serif;font-size:12px;color:#cccccc;text-align:right;padding:0 15px 0 0">{DATE}</p></td>                                         </tr>                                     </tbody>                                 </table></td>                         </tr>                         <tr>                             <td height="10">&#160;</td>                         </tr>                         <tr>                             <td>&#160;</td>                         </tr>                         <tr>                             <td><table width="100%" cellspacing="0" cellpadding="0" border="0">                                     <tbody>                                         <tr>                                             <td width="2%">&#160;</td>                                             <td width="97%">{MAIL_CONTENT}</td>                                             <td width="2%">&#160;</td>                                         </tr>                                         <tr>                                             <td>&#160;</td>                                             <td>&#160;</td>                                             <td>&#160;</td>                                         </tr>                                         <tr>                                             <td>&#160;</td>                                             <td>&#160;</td>                                             <td>&#160;</td>                                         </tr>                                                                             </tbody>                                 </table></td>                         </tr>                                             </tbody>                 </table></td>             <td width="4">&#160;</td>         </tr>         <tr>             <td height="10" colspan="3">&#160;</td>         </tr>     </tbody> </table>', '', 1),
	(20, 'bill_notification', '', 'email', 'Your {SITE_NAME} {PRODUCT_NAME} Service bill is due for payment on {PAYMENT_DATE}', '<p>\r\n	Dear {MEMBER_NAME},<br />\r\n	<br />\r\n	Your {SITE_NAME} {PRODUCT_NAME} Service bill is due for payment of {AMOUNT} on {PAYMENT_DATE}. Auto payment will be made in regard to the billing information you provided. Please make the changes if any, by logging in to your account prior to the payment date.<br />\r\n	Thank you for the interest shown in {COMPANY_NAME}.</p>\r\n<p>\r\n	{SITE_NAME} Team</p>', '', 1),
	(23, 'features', '', 'cms', 'Features', '<h3></h3><h5><span style="font-size: medium;"><span style="font-family: Arial, serif; color: rgb(102, 102, 102); line-height: 100%;">Your store will be equipped with similar features to Volusion.com and Shopify.com.</span></span></h5><h5><span style="font-size: medium;"><span style="font-family: Arial, serif; color: rgb(102, 102, 102); line-height: 100%;">Edit this page to let visitors know why they should use your site to build an online store. Sample:</span></span><font color="#666666"><font face="Arial, serif"><br></font></font></h5>&#160;dcvcvcvcvcvcvsdsd cvcvcvcv cxvcv<br> 	<p></p><ul> 	<li><p style="margin-top: 0.05cm; margin-bottom: 0.05cm;"><span style="font-size: small;"><font color="#666666"><font face="Arial, serif">No 	programming required. We believe you shouldnt have to know coding 	or pay a lot for a website to get your online business started.</font></font></span></p></li><li><p style="margin-top: 0.05cm; margin-bottom: 0.05cm;"><span style="font-size: small;"><font color="#666666"><font face="Arial, serif">Integrated 	help desk system for supporting store owners</font></font></span></p></li>    <li><p style="margin-top: 0.05cm; margin-bottom: 0.05cm;"><span style="font-size: small;">                 <font face="Arial, serif" color="#666666">Multiple payment gateways</font>             </span></p></li>     </ul>    <h3><font color="#666666">                 <font face="Arial, serif">                     <b>                         <br>                     </b>                 </font>             </font>             <font color="#666666" face="Arial, serif">Store Features</font></h3><br>                    <ul>         <li><span style="font-size: small;"><font color="#666666"><font face="Arial, serif">SEO 	friendly shopping cart. Give users an easy-to-remember URL and rank 	above your competition in search engines.</font></font></span></li><li><span style="font-size: small;"><font color="#666666"><font face="Arial, serif">Multiple 	photo options per product to improve the conversion rate.</font></font></span></li><li><span style="font-size: small;"><font color="#666666"><font face="Arial, serif">Automatic 	photo resizing, eliminating the need to use other photo editing 	programs.</font></font></span></li><li><span style="font-size: small;"><font color="#666666"><font face="Arial, serif">Supports 	custom form fields for products and categories.</font></font></span></li><li><span style="font-size: small;"><font color="#666666"><font face="Arial, serif">Supports 	digital products like eBooks, pictures, videos, software, and 	templates in addition to physical products.</font></font></span></li><li><span style="font-size: small;"><font color="#666666"><font face="Arial, serif">Optional 	affiliate program to increase your new customers without breaking 	the bank.</font></font></span></li><li><span style="font-size: small;"><font color="#666666"><font face="Arial, serif">Supports 	promo codes for tracking the effectiveness of marketing campaigns.</font></font></span></li><li><span style="font-size: small;"><font color="#666666"><font face="Arial, serif">Supports 	an efficient and simple Return Merchandize Authorization process 	(RMA) to turn refunds and returns into a positive experience for 	your clients.</font></font></span></li><li><span style="font-size: small;"><font color="#666666"><font face="Arial, serif">Supports 	bulk import of products and images.</font></font></span></li><li><span style="font-size: small;"><font color="#666666"><font face="Arial, serif">Supports 	export users, orders, products and other reports into .csv format.</font></font></span></li><li><span style="font-size: small;"><font color="#666666"><font face="Arial, serif">Supports 	multiple administrator logins with different privileges for staff.</font></font></span></li><li><span style="font-size: small;"><font color="#666666"><font face="Arial, serif">Built-in 	content management system for static pages like Terms, About Us, and 	Refund Policy. Edit the website without knowing html.</font></font></span></li><li><span style="font-size: small;"><font color="#666666"><font face="Arial, serif">Supports 	unlimited products, categories, and subcategories.</font></font></span></li><li><span style="font-size: small;"><font color="#666666"><font face="Arial, serif">Includes 	multiple themes to fit the type of store you want to create. You can 	select a theme with a click and change the appearance of the entire 	online store.</font></font></span></li><li><span style="font-size: small;"><font color="#666666"><font face="Arial, serif">Supports 	payment gateways like Paypal, Google Checkout, World Pay, Your Pay 	and Authorize.net.</font></font></span></li><li><span style="font-size: small;"><font color="#666666"><font face="Arial, serif">Supports 	offline credit card payments so that you can process payments using 	your existing POS.</font></font></span></li><li><span style="font-size: small;"><font color="#666666"><font face="Arial, serif">Supports 	order notification and package slip through fax.</font></font></span></li><li><span style="font-size: small;"><font color="#666666"><font face="Arial, serif">Supports 	UPS, USPS, FEDEX, Canada Post and Australia Post Shipping Methods 	for real-time shipping calculations. For simple shipping it supports 	multiple flat rate shipping.</font></font></span></li><li><span style="font-size: small;"><font color="#666666"><font face="Arial, serif">Administrator 	can change the home page layout by drag and drop in a browser. You 	can configure the site without any html or FTP.<br></font></font></span><span style="font-size: small;"><font color="#666666"><font face="Arial, serif"><br></font></font></span><span style="font-size: small;"><font color="#666666"><font face="Arial, serif"><br><br></font></font></span></li></ul>', '', 1),
	(26, 'account_cancellation_notification', '', 'email', 'Your {SITE_NAME} Account : {ACCOUNT} has been cancelled', '<p>Dear {MEMBER_NAME},<br> 	<br> 	Your {SITE_NAME} &#160;Account :{ACCOUNT} has been cancelled.<br><br>Thank you for doing business with us! .</p> <p>{SITE_NAME} Team</p>', '', 1),
	(25, 'failed_invoce_alert', '', 'email', 'Failed Invoice Alert {SITE_NAME}', 'Hi {USER},<br><br>The payment for your invoice no. {INVOICENO} dated {INVOICEDATE} could not be captured. Please contact {ADMIN_CONTACT_EMAIL} to keep your service active. Thank you for using {SITE_NAME}  services.<br><br><p>Thanks</p>  <p>{SITE_NAME} Team</p>', '', 1),
	(27, '', '', '', 'test', 'test<br>', '', 0),
	(28, 'Abandoned Checkout Email Template', '', 'email', 'Abandoned Checkout Email Template', 'Abandoned Checkout Email Template', 'Abandoned Checkout Email Template', 1),
	(29, 'faq', 'faq', 'cms', 'FAQ ', '<p><strong>Coming soon...</strong></p>', 'faq template', 1),
	(30, 'policy', 'policy', 'cms', 'Policy', '<p><strong>PRIVACY POLICY&#160; &#160;</strong>&#160; &#160; &#160; &#160; &#160; &#160; &#160; &#160; &#160; &#160; &#160; &#160; &#160; &#160; &#160; &#160; &#160; &#160; &#160; &#160; &#160; &#160; &#160; &#160; &#160; &#160; &#160; &#160; &#160; &#160; &#160; &#160; &#160; &#160; &#160; &#160; &#160; &#160; &#160; &#160; &#160; &#160; &#160; &#160; &#160; &#160; &#160; &#160; &#160; &#160; &#160; &#160; &#160; &#160; &#160; &#160; &#160; &#160; &#160; &#160; &#160; &#160; &#160; &#160; &#160; &#160; &#160; &#160; &#160; &#160; &#160; &#160;Updated July 1, 2019</p><p><strong>Acceptance</strong><br>Iscripts Gostores (MRA) is committed to protecting users privacy. This Privacy Statement sets forth our current privacy practices with regard to the information we collect when you or your computer interact with our website. By accessing www.iscripts.com, you acknowledge and fully understand MRAs Privacy Statement and freely consent to the information collection and use practices described in this Website Privacy Policy.</p><p><strong>Customer Data<br></strong>www.iscripts.com users may upload data about themselves, including but not limited to email addresses, names and phone numbers. MRA will not share, rent or sell these lists or the data that comprise them.</p><p><strong>Participating Merchant<br></strong>Related services and offerings with links from this website, including vendor sites, have their own privacy statements that can be viewed by clicking on the corresponding links within each respective website. Online merchants and others who participate in MRA services are encouraged to participate in industry privacy initiatives and to take a responsible attitude towards consumer privacy. However, since we do not have direct control over the policies or practices of participating partners and other third parties, we are not responsible for the privacy practices or contents of those sites.</p><p><strong>Collected Information<br></strong>MRA collects users information three ways: directly from our Web Server logs, from the user, and with Cookies.</p><p><strong>Cookies<br></strong>MRA may use cookies to personalize or enhance your user experience. A cookie is a small text file that is placed on your hard disk by a Web page server. Cookies cannot be used to run programs or deliver viruses to your computer. Cookies are uniquely assigned to you, and can only be read by a Web Server in the domain that issued the cookie to you. One of the primary purposes of cookies is to provide a convenience feature to save you time.</p><p><strong>Contact</strong></p><p>Iscripts Gostores, PO Box 13&#160;Archer, FL, 32618<br>If you have questions regarding our Privacy Statement, its implementation, failure to adhere to this Privacy Statement and/or our general practices, please email us at&#160;Rick@iscripts.com.</p><p><strong>Account Information<br></strong>We will provide you with the means to ensure that personally identifiable information in your web account file is correct and current. You may review this information by emailing our webmaster at&#160;Rick@iscripts.com.</p><p><strong>Limitation of Liability</strong></p><p>In no event shall We, Our licensors, suppliers, affiliates or other third parties referred to on Our Website be liable for any damages (including, without limitation, incidental and consequential damages, personal injury/wrongful death, lost profits, or damages resulting from lost data or business interruption) resulting from the use of or inability to use Our Website or the Content, whether based on warranty, contract, tort, or any other legal theory, and whether or not We, Our licensors, suppliers, affiliates or other third parties referred to on Our Website are advised of the possibility of such damages. We, Our licensors, suppliers, affiliates or other third parties referred to on Our Website shall be liable only to the extent of actual damages incurred by You, not to exceed $500.00 (US). We, Our licensors, suppliers, affiliates or other third parties referred to on Our Website are not liable for any personal injury, including death, caused by Your use or misuse of Our Website, the Content, or Public Areas (as defined below). Any claims arising in connection with Your use of Our Website, any of the Content, Resources or PublicVenues must be brought within one (1) year of the date of the event giving rise to such action occurred (time being of the essence with respect to such deadline). Remedies provided for in these Terms and Conditions of Use are exclusive of any and all other remedies otherwise available at law or in equity.</p><p><strong>User Submitted Material</strong></p><p>Our Website may include (or link to) blogs, message boards, social media Websites and other means affording You opportunities to post and/or upload questions, opinions, comments, messages, information and other material viewable by Us and in some cases the public (Public Venues). You warrant and agree that any material of any type You post or upload to a Public Venue is non-confidential, does not include personally identifiable information, and does not infringe or violate any right of any other person or entity. By making a post or upload of material to Our Website or otherwise communicating with us You grant to Us a royalty free, perpetual, irrevocable, and assignable worldwide license to copy, reproduce, translate, edit, modify, publish, perform, distribute, make derivative works from and use in any way for any purpose such post, upload or communication. Posting or uploading to Our Website material of any kind that is illegal or contains hateful, abusive, defamatory, threatening, harassing, offensive, obscene, pornographic, sexually explicit or other illegal or inappropriate material is strictly prohibited. You agree never to post to or use Our Website or any Public Venue for any purpose that is illegal, fraudulent, infringes the rights of others, or includes advertising, promotional material, solicitation of business, chain letters, pyramid schemes, solicitation of wagering or gambling, spamming, or that is otherwise illegal or inappropriate. We reserve the right (but assume no obligation) to remove from the Website any user supplied material We deem inappropriate for any reason in Our sole discretion. You understand and acknowledge that (i) some user supplied material You encounter in a Public Venue may be offensive, inaccurate, incomplete, outdated, false, misleading or otherwise flawed, (ii) We have no obligation whatsoever to monitor or police any user supplied material, (iii) We make no representation or warranty whatsoever with respect to or in connection with any user supplied material, and (iv) You are solely responsible for and assume all risks in connection with Your use of or reliance upon any user supplied material.<br></p><p><strong>Automatic Termination of Permission<br type="_moz"></strong></p><p>If You violate any of these Terms and Conditions of Use Your permission to access and use Our Website, the Content, Resources and Services automatically terminates without requirement of any further action by Us or notice to You and You shall immediately cease and desist from any further use of Our Website, the Content, Resources and Services and destroy any copies You have made of any portion of the Content.</p><div></div><p><strong>Changes</strong></p><p>MRA has the discretion to occasionally update this privacy statement. When we do, we will also revise the Updated date at the top of this page. We encourage you to periodically review this privacy statement to stay informed about how we are helping to protect the personal information we collect. Your continued use of the service constitutes your agreement to this privacy statement and any updates.</p>', 'policy template', 1),
	(31, 'susbcription', '', 'email', 'Susbcription Renewal at {SITE_NAME}', '<p>Dear {MEMBER_NAME},<br> 	<br> 	Thank you for the interest shown in {COMPANY_NAME}.<br> 	The following is the invoice details, not receipt in regard to the purchase with {COMPANY_NAME}.</p>', '', 1),
	(32, 'customization', '', 'cms', 'Customization', '<div class="vc_row-full-width vc_clearfix"></div><div data-vc-full-width="true" data-vc-full-width-init="false" class="vc_row wpb_row vc_row-fluid"><div class="wpb_column vc_column_container vc_col-sm-12"><div class="vc_column-inner vc_custom_1515752234075"><div class="wpb_wrapper"><header class="kd-section-title vc_col-lg-6 vc_col-sm-8 text-center solid-line sep-border-width-2     vc_custom_1541620303607"><h2 class="separator_on">Coming Soon...</h2></header></div></div></div></div><div data-vc-full-width="true" data-vc-full-width-init="false" class="vc_row wpb_row vc_row-fluid vc_custom_1541712355256 vc_row-has-fill"><div class="wpb_column vc_column_container vc_col-sm-12"><div class="vc_column-inner "><div class="wpb_wrapper"><div class="vc_row wpb_row vc_inner vc_row-fluid"><div class="wpb_column vc_column_container vc_col-sm-6"><div class="vc_column-inner "><div class="wpb_wrapper"><div class="wpb_text_column wpb_content_element "><div class="wpb_wrapper"></div></div></div></div></div><div class="wpb_column vc_column_container vc_col-sm-3"><div class="vc_column-inner "><div class="wpb_wrapper"></div></div></div></div></div></div></div></div><div class="vc_row-full-width vc_clearfix"></div>', '', 1),
	(33, 'howitworks', '', 'cms', 'How It Works', '<p><strong style="color: rgb(102, 102, 102); font-family: akrobatregular; font-size: 16px; box-sizing: border-box;">TERMS OF USE&#160; &#160; &#160; &#160; &#160; &#160; &#160; &#160; &#160; &#160; &#160; &#160; &#160; &#160; &#160; &#160; &#160; &#160; &#160; &#160; &#160; &#160; &#160; &#160; &#160; &#160; &#160; &#160; &#160; &#160; &#160; &#160; &#160; &#160; &#160; &#160; &#160; &#160; &#160; &#160; &#160; &#160; &#160;&#160;</strong>Updated&#160; July 1st, 2019</p><p style="box-sizing: border-box; margin: 0px; padding: 0px; color: rgb(102, 102, 102); font-family: akrobatregular; font-size: 16px;">This website is owned by Iscripts Gostores(MRA). These Terms of Use inform visitors of the rules and policies that govern this website. By using this website, you agree to abide by these terms. We may update this Agreement from time to time. If you do not agree with these Terms of Use, or any of our posted guidelines, please do not use this website.<br>&#160;</p><p style="box-sizing: border-box; margin: 0px; padding: 0px; color: rgb(102, 102, 102); font-family: akrobatregular; font-size: 16px;"><strong style="box-sizing: border-box;">Website Content</strong></p><p style="box-sizing: border-box; margin: 0px; padding: 0px; color: rgb(102, 102, 102); font-family: akrobatregular; font-size: 16px;">This website contains materials supplied by MRA and its affiliates, parents, and subsidiaries, as well as other sources, such as third party operational and marketing or manufacturing partners, and is protected by copyrights, trademarks, service marks, patents, trade secrets, or other proprietary rights and laws. Although we try to ensure that the material on this website is accurate and error-free, from time to time the materials may include inaccuracies or typographical errors. We are not responsible for any such inaccuracies or errors. We reserve the right to make changes and update any material and/or information contained on this website without prior notice. Except as expressly authorized by MRA, visitors may not copy, reproduce, republish, distribute, sell, license, rent, publicly display or perform, adapt or create a derivative work of, in any manner, any material, content or design elements obtained from this site, including code and software (collectively, the material). Notwithstanding the above, visitors may print or download the material from this site only for personal or non-commercial use, provided that the visitor does not republish the material and keeps intact all copyright, trademarks, service marks, patent and other proprietary notices.</p><p style="box-sizing: border-box; margin: 0px; padding: 0px; color: rgb(102, 102, 102); font-family: akrobatregular; font-size: 16px;"><strong style="box-sizing: border-box;">Risk, Responsibility and Disclaimers</strong></p><p style="box-sizing: border-box; margin: 0px; padding: 0px; color: rgb(102, 102, 102); font-family: akrobatregular; font-size: 16px;">YOU ARE SOLELY RESPONSIBLE FOR AND ASSUME ALL RISKS ASSOCIATED WITH YOUR USE OF OUR WEBSITE, THE CONTENT, RESOURCES AND SERVICES. OUR WEBSITE, THE CONTENT, RESOURCES AND SERVICES ARE PROVIDED AS IS AND AS AVAILABLE WITHOUT ANYREPRESENTATION OR WARRANTY OF ANY KIND, INCLUDING WITHOUT LIMITATION ANYWARRANTY OF AVAILABILITY, EFFECTIVENESS, MERCHANTABILITY, ERROR-FREE OPERATION,ACCURACY, COMPLETENESS, NON-INFRINGEMENT, ABSENCE OF VIRUSES OR OTHER MALWARE, FITNESS FOR A PARTICULAR PURPOSE, OR SUITABILITY FOR YOUR INTENDED USEOR PURPOSE. TO THE EXTENT PERMITTED BY APPLICABLE LAW, WE DISCLAIM ALL WARRANTIES OF EVERY NATURE AND DESCRIPTION, WHETHER EXPRESS OR IMPLIED, AND WHETHER BASED IN STATUTORY OR COMMON LAW, WITH RESPECT TO OUR WEBSITE, THE CONTENT, RESOURCES AND SERVICES. SOME JURISDICTIONS DO NOT ALLOW THE LIMITATIONOR EXCLUSION OF CERTAIN WARRANTIES OR CONDITIONS, SO SOME OF THE ABOVE EXCLUSIONS MAY NOT APPLY TO YOU.</p><p style="box-sizing: border-box; margin: 0px; padding: 0px; color: rgb(102, 102, 102); font-family: akrobatregular; font-size: 16px;"><strong style="box-sizing: border-box;">Copyright</strong></p><p style="box-sizing: border-box; margin: 0px; padding: 0px; color: rgb(102, 102, 102); font-family: akrobatregular; font-size: 16px;">MRA respects the intellectual property rights of third parties and is committed to complying with all U.S. copyright and related laws. This policy is in addition to and does not affect or modify any other rights that MRA may have under law or contract. If a copyright holder believes in good faith that materials being hosted by MRA or otherwise stored on its network infringe on its rights, the copyright holder (or its agent) may send MRA a notification in accordance with the requirements set forth in the DMCA, requesting that MRA remove or block access to the infringing material. The notification must be emailed to:</p><p style="box-sizing: border-box; margin: 0px; padding: 0px; color: rgb(102, 102, 102); font-family: akrobatregular; font-size: 16px;"><strong style="box-sizing: border-box;"><br>Third Party Links</strong></p><p style="box-sizing: border-box; margin: 0px; padding: 0px; color: rgb(102, 102, 102); font-family: akrobatregular; font-size: 16px;">This website may contain links and pointers to other sites and resources on the Internet controlled by third parties. These links are provided solely as a convenience to our visitors and do not constitute an endorsement by MRA, its parents, affiliates or subsidiaries of any third party resources or content. Links do not imply that MRA sponsors, is affiliated or associated with, or otherwise recommends, certifies or endorses the third party link or site. Any concerns regarding external links or websites should be directed to the respective website administrator or system operator.</p><p style="box-sizing: border-box; margin: 0px; padding: 0px; color: rgb(102, 102, 102); font-family: akrobatregular; font-size: 16px;"><strong style="box-sizing: border-box;"><br>Disclaimer of Warranties</strong></p><p style="box-sizing: border-box; margin: 0px; padding: 0px; color: rgb(102, 102, 102); font-family: akrobatregular; font-size: 16px;">This website is provided AS IS. You agree that your use of this website is at your sole risk. MRA does not warrant, either expressly or by implication, the accuracy of any materials or information provided on the site or their suitability for any particular purpose, and expressly disclaims all warranties, including, but not limited to, warranties of merchantability or fitness for a particular purpose. Although the information provided to visitors on this site is obtained or compiled from sources we believe to be reliable, MRA cannot and does not guarantee the accuracy, validity, timeliness, completeness or reliability of any information or data made available to visitors or its suitability for any particular purpose. Neither MRA, nor any of its parents, partners, affiliates, subsidiaries, members, directors, officer, employees, agents, operational providers are liable or shall have responsibility of any kind to any visitor for any loss or damage that a visitor incurs in the event of (i) any failure or interruption of this site; (ii) any act or omission of any third party involved in making this site or the data contained herein available to visitors; (iii) any other cause relating to a visitors access or use, or inability to access or use, any portion of this site or Materials on this site; (iv) or from any visitors failure to comply with this Agreement, whether or not the circumstances giving rise to such cause may have been within the control of MRA or any vendor providing software, services or support. In no event will MRA, its parents, partners, affiliates, subsidiaries, members, officers or employees be liable to any visitor for any direct, indirect, consequential, or incidental damages or any other loss or damages of any kind.</p><p style="box-sizing: border-box; margin: 0px; padding: 0px; color: rgb(102, 102, 102); font-family: akrobatregular; font-size: 16px;">Please be advised that once you leave our website, your use of the Internet will be governed by the terms of usage agreements and privacy policies, if any, of the particular website that you are accessing, including those of our operational providers, vendors and partners. MRA, its parents, partners, affiliates, subsidiaries, members, directors, officers, employees and agents will not be responsible or liable for the content, activities, or privacy practices of the other websites, or any loss&#160;or damage that could result from leaving our website.</p><p style="box-sizing: border-box; margin: 0px; padding: 0px; color: rgb(102, 102, 102); font-family: akrobatregular; font-size: 16px;">&#160;</p><p style="box-sizing: border-box; margin: 0px; padding: 0px; color: rgb(102, 102, 102); font-family: akrobatregular; font-size: 16px;"><strong style="box-sizing: border-box;">Eligibility</strong></p><p style="box-sizing: border-box; margin: 0px; padding: 0px; color: rgb(102, 102, 102); font-family: akrobatregular; font-size: 16px;">Our Website is intended for use by adults and is not intended or designed to attract children under the age of 13. You are eligible to open an account to use our account based Services and Resources only if You are age 18 or older. If You are age 13 to 17 Your Parent or Guardian must consent to You opening and using an account. Even with such consent We reserve the right at any time and in Our sole discretion to refuse registration for or use of an AmmorReady.com account by anyone younger than 18 years of age.</p><p><strong>Prohibited Uses</strong></p><p>Unauthorized use of any of Our Services or Resources (including without limitation the licenseor resale thereof without our prior written consent) is expressly prohibited. You shall not copy, sell, transfer, distribute, publish, or assign your right to access and use Any Service or Resource to any third party. In addition, you may not use the Services in any way that violates applicable federal, state, or international law, or for any unlawful purpose. Further, you may not use the Services to send, receive, or download messages or materials that are inappropriate or violate the intellectual property rights of Us or others. You agree not to use (or permit any other person to use) Our Website for any criminal or illegal purpose of any nature or description, including without limitation fraud, identify theft, dissemination of viruses or other malware, misappropriation of passwords or other confidential information of others, conspiracy to commit an illegal act, impersonating others, invading anyones privacy, or harvesting, scraping or otherwise collecting information about others. You agree not to interfere with or disrupt the operation of Our Website in any manner, including without limitation denial of service or similar attacks. You agree not to access or attempt to access sites or servers related to Our Website or business without proper authorization. You agree not to use Our Website in anyway that interferes with the use or enjoyment of Our Website by others.</p><p><strong>Security</strong></p><p>Our Website allows You to record and store information. You are responsible for taking all reasonable steps to ensure that no unauthorized person gains access to Your passwords or accounts related to Our Website. It is Your sole responsibility to (1) control the dissemination and use of Your sign-in name, screen name and passwords; (2) monitor and control access to and use of Your passwords and accounts related to Our Website; (3) promptly inform Us if You believe any of Your passwords or accounts has been compromised or if there is any other reason You need to deactivate a password or account. To send us an email, use the "Contact Us" links located at the bottom of many pages of Our site. You grant Us and all other persons or entities involved in the operation of Our Website the right to transmit, monitor, retrieve, store, and use Your information in connection with the operation of Our Website. We do not have or assume any responsibility or liability for any information You post, submit, store, transmit or process on Our Website or using any Resource available on Our Website or for any use or misuse of such information.</p><p style="box-sizing: border-box; margin: 0px; padding: 0px; color: rgb(102, 102, 102); font-family: akrobatregular; font-size: 16px;"><strong style="box-sizing: border-box;"><br>Your Registration Obligations</strong></p><p style="box-sizing: border-box; margin: 0px; padding: 0px; color: rgb(102, 102, 102); font-family: akrobatregular; font-size: 16px;">To obtain and use the Services, you will be required to register with Us by completing a registration form and designating a user ID and password. When registering with Us you agree to: (a) provide true, accurate, current and complete information about yourself as prompted by the Services registration form (such information being the Registration Data) and (b) maintain and promptly update the Registration Data to keep it true, accurate, current and complete. If you provide any information that is untrue, inaccurate, not current or incomplete, or we have grounds to suspect that such information is untrue, inaccurate, not current or incomplete, we may suspend or terminate your account and refuse any and all current or future use of the Services (or any portion thereof).</p><p style="box-sizing: border-box; margin: 0px; padding: 0px; color: rgb(102, 102, 102); font-family: akrobatregular; font-size: 16px;"></p><p style="box-sizing: border-box; margin: 0px; padding: 0px; color: rgb(102, 102, 102); font-family: akrobatregular; font-size: 16px;"><strong style="box-sizing: border-box;"><br>REFUND POLICY<br style="box-sizing: border-box;"></strong>Important things to remember when returning anything you purchased from MRA:</p><p></p>', '', 1),
	(34, 'inventory_source_subscription', '', 'email', '{SITE_NAME} has activated  Inventory Source Plugin for your site', '<p>\r\n	Dear {MEMBER_NAME},<br />\r\n	<br />\r\n	Your  have activated  Inventory Source Plugin service in {STORENAME} for an amount of {AMOUNT} from your card number ending <b> {CARD}</b>,The service will expire on {EXPIRY_DATE},and will be auto renewed after it.<br />\r\n	Pleae click {HERE} to login to main site  for cancelling the Subscription.</p>\r\n<p>\r\n	{SITE_NAME} Team</p>', '', 1),
	(35, 'inventory_source_subscription_renewal', '', 'email', '{SITE_NAME} has renewed  Inventory Source Plugin for your site', '<p>\r\n	Dear {MEMBER_NAME},<br />\r\n	<br />\r\n	{SITE_NAME}  have renewed  Inventory Source Plugin service in {STORENAME} for an amount of {AMOUNT} from your card number ending <b> {CARD}</b>,The service will expire on {EXPIRY_DATE},and will be auto renewed after it.<br />\r\n	Pleae click {HERE} to login to main site  for cancelling the Subscription.</p>\r\n<p>\r\n	{SITE_NAME} Team</p>', '', 1),
	(36, 'inventory_source_subscription_renewal_failed', '', 'email', '{SITE_NAME} -  Inventory Source Plugin payment failure', '<p>\r\n	Dear {MEMBER_NAME},<br />\r\n	<br />\r\n	{SITE_NAME}  have failed in renwal payment of Inventory Source Plugin service in {STORENAME} for an amount of {AMOUNT} from your card number ending <b> {CARD}</b>,The service will expire on {EXPIRY_DATE},\r\n{SITE_NAME} will try  next date for payment renewal.<br />\r\n	\r\n<br />\r\n Payment Error {ERROR} <br />\r\n\r\nPleae click {HERE} to login to main site  for editing card details.</p>\r\n<p>\r\n	{SITE_NAME} Team</p>', '', 1),
	(37, 'inventory_source_subscription_renewal_cancel', '', 'email', '{SITE_NAME} -  Inventory Source Plugin service cancelled', '<p>\r\n	Dear {MEMBER_NAME},<br />\r\n	<br />\r\n	{SITE_NAME} have cancelled the Inventory Source Plugin service in {STORENAME},\r\n <br />\r\n\r\nPleae click {HERE} to login to main site  for enabling the service again.</p>\r\n<p>\r\n	{SITE_NAME} Team</p>', '', 1);

INSERT IGNORE INTO `goStores_cms_settings` (`id`, `cms_set_name`, `cms_set_value`, `created_on`) VALUES
	(1, 'admin_logo', 'project/styles/themes/theme1/images/gostores_logo.jpg', '2012-11-16 07:31:30'),
	(2, 'admin_copyright', 'Copyright &copy; 2019 makereadyarms.com | All Rights Reserved', '2019-06-07 06:44:10'),
	(4, 'admin_page_count', '11', '2014-09-27 00:42:05'),
	(5, 'site_logo', 'Admincomponents::bindSiteLogoCms', '2012-12-19 08:54:53');

INSERT IGNORE INTO `goStores_DemoScreenshots` (`nScreenId`, `vScreenImageId`, `vActive`, `eType`) VALUES
	(1, 1033, '1', 'User'),
	(2, 1034, '1', 'User'),
	(3, 1035, '1', 'User'),
	(4, 1037, '1', 'User'),
	(5, 1038, '1', 'User'),
	(6, 1039, '1', 'User'),
	(7, 1040, '1', 'Admin'),
	(8, 1041, '1', 'Admin'),
	(9, 1042, '1', 'Admin'),
	(10, 1043, '1', 'Admin'),
	(11, 1044, '1', 'Admin'),
	(12, 1045, '1', 'Admin');

INSERT IGNORE INTO `goStores_EmailTemplates` (`nETId`, `vemailTemplateName`, `temailTemplate`, `estatus`) VALUES
	(1, 'Sample template1', 'Hi Test<br><br><br>Sample template1<br><br>regards<br><br>Test<br>', 'Inactive'),
	(2, 'Sampletemp2', 'Sampletemp2<br>', 'Inactive'),
	(3, 'test', 'test test tes test test test tes sss <br><br>test test tes test test test tes sss <br><br><em><strong><br>test test tes test test test tes sss </strong></em><br><br>', 'Active'),
	(4, 'Trial Template', 'Hi,<br><br>This is a test mail <br><br>Regards<br><br>', 'Active'),
	(5, 'sre', '&#160;fdfdfdfdfdf', 'Active');

INSERT IGNORE INTO `goStores_EmailTemplatesMails` (`nETMId`, `vMailName`, `nETID`, `tScheduleTime`, `eStatus`, `nMailMode`) VALUES
	(1, 'Send mail1', 1, '2012-11-22 19:37:35', 'Active', 'Streamsend'),
	(2, 'Send Email2', 2, '2012-12-19 00:00:00', '', ''),
	(9, 'fhfshsfhsd', 2, '0000-00-00 00:00:00', '', ''),
	(10, 'sdfsafsafas', 2, '0000-00-00 00:00:00', '', ''),
	(11, 'dsgdsgdshds', 1, '0000-00-00 00:00:00', '', ''),
	(12, 'aetaetete', 2, '0000-00-00 00:00:00', '', ''),
	(46, 'test123', 2, '2012-12-21 00:00:00', '', ''),
	(45, 'test', 1, '2013-02-01 00:00:00', '', ''),
	(44, 'test', 1, '2012-12-01 00:00:00', '', ''),
	(43, 'dfuue', 1, '2012-12-04 00:00:00', '', ''),
	(32, 'ss', 1, '2012-12-12 00:00:00', '', ''),
	(31, 'aa', 0, '0000-00-00 00:00:00', '', ''),
	(47, 'gfdhfdhfd', 1, '2012-12-20 00:00:00', '', ''),
	(55, 'fdhfdhfdhfdhfdh', 1, '2012-12-20 00:00:00', '', ''),
	(57, 'fdhfdhfdhfdhfdh', 1, '2012-12-20 00:00:00', '', 'Mail'),
	(58, 'fdhfdhfdhfdhfdh', 0, '2012-12-20 00:00:00', 'Active', 'Streamsend'),
	(59, 'test', 1, '2012-12-31 00:00:00', 'Deactive', 'Streamsend'),
	(60, 'nima123edddd', 1, '2012-12-27 00:00:00', 'Active', 'Streamsend'),
	(61, 'londonpuppyplinky', 2, '2012-12-25 00:00:00', 'Deactive', 'Streamsend'),
	(62, 'aaasd', 0, '1999-11-30 00:00:00', 'Deactive', 'Streamsend'),
	(63, 'test', 3, '2019-06-07 00:00:00', 'Active', 'Mail'),
	(64, 'email test template', 4, '2019-07-16 00:00:00', 'Active', 'Mail'),
	(65, 'test newsletter scheduler', 4, '2019-07-17 00:00:00', 'Active', 'Mail');

INSERT IGNORE INTO `goStores_files` (`file_id`, `file_orig_name`, `file_extension`, `file_mime_type`, `file_type`, `file_width`, `file_height`, `file_play_time`, `file_size`, `file_path`, `file_status`, `file_title`, `file_caption`, `file_tmp_name`, `created_on`, `created_by`) VALUES
	(758, 'fruit_fizz_02.jpg', 'jpg', 'image/jpeg', '', 653, 490, 0, 33260, 'me8krnw1ayh.jpg', NULL, NULL, NULL, NULL, NULL, 0),
	(759, 'Handbag - short frame.jpg', 'jpg', 'image/jpeg', '', 500, 500, 0, 84706, 'me8ktg6vj3a.jpg', NULL, NULL, NULL, NULL, NULL, 0),
	(760, 'Handbag - short frame.jpg', 'jpg', 'image/jpeg', '', 500, 500, 0, 84706, 'me8kursmk3r.jpg', NULL, NULL, NULL, NULL, NULL, 0),
	(761, 'Handbag - short frame.jpg', 'jpg', 'image/jpeg', '', 500, 500, 0, 84706, 'me8kvf2bqks.jpg', NULL, NULL, NULL, NULL, NULL, 0),
	(762, 'Handbag - short frame.jpg', 'jpg', 'image/jpeg', '', 500, 500, 0, 84706, 'me8l0hw2lag.jpg', NULL, NULL, NULL, NULL, NULL, 0),
	(763, 'Handbag - short frame.jpg', 'jpg', 'image/jpeg', '', 500, 500, 0, 84706, 'me8ml7z3gz4.jpg', NULL, NULL, NULL, NULL, NULL, 0),
	(764, 'productcategory_12996679711299667947.jpg', 'jpg', 'image/jpeg', '', 140, 188, 0, 9835, 'me8mli5okjs.jpg', NULL, NULL, NULL, NULL, NULL, 0),
	(765, 'Digital+Instant+Clinical+Thermometer+RBDT01A.jpg', 'jpg', 'image/jpeg', '', 400, 400, 0, 6617, 'me8mrs6298u.jpg', NULL, NULL, NULL, NULL, NULL, 0),
	(766, 'basal_digital_thermometer.jpg', 'jpg', 'image/jpeg', '', 360, 360, 0, 28467, 'me8mszp3jr8.jpg', NULL, NULL, NULL, NULL, NULL, 0),
	(767, 'multicart-fix.txt', 'txt', 'text/plain', '', 0, 0, 0, 165, 'me8pkm0vrsy.txt', NULL, NULL, NULL, NULL, NULL, 0),
	(768, '3192733-first-aid-kit.jpg', 'jpg', 'image/jpeg', '', 1200, 903, 0, 128291, 'me8qfopbl4u.jpg', NULL, NULL, NULL, NULL, NULL, 0),
	(769, '3192733-first-aid-kit.jpg', 'jpg', 'image/jpeg', '', 1200, 903, 0, 128291, 'me8qzpp7561.jpg', NULL, NULL, NULL, NULL, NULL, 0),
	(770, 'canvasbag_canvas shopping bag001.jpg', 'jpg', 'image/jpeg', '', 800, 800, 0, 103365, 'me8r0imabhu.jpg', NULL, NULL, NULL, NULL, NULL, 0),
	(771, '1zvtjyr.png', 'png', 'image/png', '', 1260, 260, 0, 192306, 'me8sg2go2rv.png', NULL, NULL, NULL, NULL, NULL, 0),
	(772, '01.11oscommerce.gif', 'gif', 'image/gif', '', 1260, 300, 0, 132112, 'me8sgo1brdo.gif', NULL, NULL, NULL, NULL, NULL, 0),
	(773, '01.11oscommerce.gif', 'gif', 'image/gif', '', 1260, 300, 0, 132112, 'me8sgzljozc.gif', NULL, NULL, NULL, NULL, NULL, 0),
	(774, 'image004.jpg', 'jpg', 'image/jpeg', '', 713, 630, 0, 72188, 'me8yxxqkli7.jpg', NULL, NULL, NULL, NULL, NULL, 0),
	(775, 'canvasbag_canvas shopping bag001.jpg', 'jpg', 'image/jpeg', '', 800, 800, 0, 103365, 'me8yz22x21v.jpg', NULL, NULL, NULL, NULL, NULL, 0),
	(776, 'banner1315847750.jpg', 'jpg', 'image/jpeg', '', 988, 337, 0, 102557, 'me91hb3xfh0.jpg', NULL, NULL, NULL, NULL, NULL, 0),
	(777, 'banner1315850451.jpg', 'jpg', 'image/jpeg', '', 988, 337, 0, 137194, 'me91hk8j6li.jpg', NULL, NULL, NULL, NULL, NULL, 0),
	(778, 'banner1315856405.jpg', 'jpg', 'image/jpeg', '', 988, 337, 0, 139726, 'me91hrj4alb.jpg', NULL, NULL, NULL, NULL, NULL, 0),
	(779, 'banner1315847750.jpg', 'jpg', 'image/jpeg', '', 988, 337, 0, 102557, 'me91i48zric.jpg', NULL, NULL, NULL, NULL, NULL, 0),
	(780, 'banner1315856405.jpg', 'jpg', 'image/jpeg', '', 988, 337, 0, 139726, 'meacd2x9hpq.jpg', NULL, NULL, NULL, NULL, NULL, 0),
	(781, 'banner1315850451.jpg', 'jpg', 'image/jpeg', '', 988, 337, 0, 137194, 'meaclpwk0on.jpg', NULL, NULL, NULL, NULL, NULL, 0),
	(782, 'rte.zip', 'zip', 'application/zip', '', 0, 0, 0, 30827, 'meami3s1gyk.zip', NULL, NULL, NULL, NULL, NULL, 0),
	(783, 'peach.jpg', 'jpg', 'image/jpeg', '', 203, 249, 0, 10089, 'meami3uc4bm.jpg', NULL, NULL, NULL, NULL, NULL, 0),
	(784, 'lychee.jpg', 'jpg', 'image/jpeg', '', 259, 194, 0, 9745, 'meami38hfs5.jpg', NULL, NULL, NULL, NULL, NULL, 0),
	(785, 'kiwi.jpg', 'jpg', 'image/jpeg', '', 256, 192, 0, 10646, 'meami3bpcpb.jpg', NULL, NULL, NULL, NULL, NULL, 0),
	(786, 'recaptcha-php-1.11.zip', 'zip', 'application/zip', '', 0, 0, 0, 6037, 'meams3hq2qn.zip', NULL, NULL, NULL, NULL, NULL, 0),
	(787, 'dried_flowers2.jpg', 'jpg', 'image/jpeg', '', 259, 194, 0, 16452, 'meams3xq9if.jpg', NULL, NULL, NULL, NULL, NULL, 0),
	(788, 'dried_flowers2.jpg', 'jpg', 'image/jpeg', '', 259, 194, 0, 16452, 'meams3v3x62.jpg', NULL, NULL, NULL, NULL, NULL, 0),
	(789, 'dried_flowers2.jpg', 'jpg', 'image/jpeg', '', 259, 194, 0, 16452, 'meams3x0lc3.jpg', NULL, NULL, NULL, NULL, NULL, 0),
	(790, '1okdv34110ej3_3645b_thumb.jpg', 'jpg', 'image/jpeg', '', 290, 290, 0, 14213, 'mean3lfm2hc.jpg', NULL, NULL, NULL, NULL, NULL, 0),
	(791, '728x90_ELP_NewBanner_r2.gif', 'gif', 'image/gif', '', 728, 90, 0, 20322, 'mean3lyuodt.gif', NULL, NULL, NULL, NULL, NULL, 0),
	(792, '222.jpg', 'jpg', 'image/jpeg', '', 182, 125, 0, 7936, 'mean3lsquqw.jpg', NULL, NULL, NULL, NULL, NULL, 0),
	(793, '7-inch-dml.jpg', 'jpg', 'image/jpeg', '', 400, 396, 0, 18021, 'mean3lums21.jpg', NULL, NULL, NULL, NULL, NULL, 0),
	(794, '7-inch-dml.jpg', 'jpg', 'image/jpeg', '', 400, 396, 0, 18021, 'mean4glpysu.jpg', NULL, NULL, NULL, NULL, NULL, 0),
	(795, '468x60BannerAd.gif', 'gif', 'image/gif', '', 468, 60, 0, 12469, 'mean4gdpioz.gif', NULL, NULL, NULL, NULL, NULL, 0),
	(796, '222.jpg', 'jpg', 'image/jpeg', '', 182, 125, 0, 7936, 'mean4g64nal.jpg', NULL, NULL, NULL, NULL, NULL, 0),
	(797, '7-inch-dml.jpg', 'jpg', 'image/jpeg', '', 400, 396, 0, 18021, 'mean4g1wgw0.jpg', NULL, NULL, NULL, NULL, NULL, 0),
	(798, '728x90_ELP_NewBanner_r2.gif', 'gif', 'image/gif', '', 728, 90, 0, 20322, 'mean5pbqd7g.gif', NULL, NULL, NULL, NULL, NULL, 0),
	(799, '222.jpg', 'jpg', 'image/jpeg', '', 182, 125, 0, 7936, 'mean5p18ijf.jpg', NULL, NULL, NULL, NULL, NULL, 0),
	(800, '7-inch-dml.jpg', 'jpg', 'image/jpeg', '', 400, 396, 0, 18021, 'mean5pgrvf9.jpg', NULL, NULL, NULL, NULL, NULL, 0),
	(801, '1okdv34110ej3_3645b_thumb.jpg', 'jpg', 'image/jpeg', '', 290, 290, 0, 14213, 'mean5p5bz4d.jpg', NULL, NULL, NULL, NULL, NULL, 0),
	(802, 'rte.zip', 'zip', 'application/zip', '', 0, 0, 0, 30827, 'meaobc9l6og.zip', NULL, NULL, NULL, NULL, NULL, 0),
	(803, 'flowers_dried.jpg', 'jpg', 'image/jpeg', '', 230, 219, 0, 13445, 'meaobc7zsb9.jpg', NULL, NULL, NULL, NULL, NULL, 0),
	(804, 'flowers_dried.jpg', 'jpg', 'image/jpeg', '', 230, 219, 0, 13445, 'meaobcpwoqw.jpg', NULL, NULL, NULL, NULL, NULL, 0),
	(805, 'kiwi.jpg', 'jpg', 'image/jpeg', '', 256, 192, 0, 10646, 'meaobcrv5ok.jpg', NULL, NULL, NULL, NULL, NULL, 0),
	(806, 'html.zip', 'zip', 'application/zip', '', 0, 0, 0, 2041167, 'mem6cyd3w8p.zip', NULL, NULL, NULL, NULL, NULL, 0),
	(807, 'screen1.jpg', 'jpg', 'image/jpeg', '', 400, 231, 0, 22464, 'mem6cy1nthz.jpg', NULL, NULL, NULL, NULL, NULL, 0),
	(808, 'screen1.jpg', 'jpg', 'image/jpeg', '', 400, 231, 0, 22464, 'mem6cykikya.jpg', NULL, NULL, NULL, NULL, NULL, 0),
	(809, 'screen1.jpg', 'jpg', 'image/jpeg', '', 400, 231, 0, 22464, 'mem6cy1bdvh.jpg', NULL, NULL, NULL, NULL, NULL, 0),
	(810, 'testZipper.zip', 'zip', 'application/zip', '', 0, 0, 0, 8957, 'mem6hkn7kyp.zip', NULL, NULL, NULL, NULL, NULL, 0),
	(811, 'screen2.jpg', 'jpg', 'image/jpeg', '', 400, 231, 0, 23752, 'mem6hksim7r.jpg', NULL, NULL, NULL, NULL, NULL, 0),
	(812, 'screen2.jpg', 'jpg', 'image/jpeg', '', 400, 231, 0, 23752, 'mem6hkamqgb.jpg', NULL, NULL, NULL, NULL, NULL, 0),
	(813, 'screen2.jpg', 'jpg', 'image/jpeg', '', 400, 231, 0, 23752, 'mem6hk3momj.jpg', NULL, NULL, NULL, NULL, NULL, 0),
	(814, 'testZipper.zip', 'zip', 'application/zip', '', 0, 0, 0, 8957, 'mem6jg6n5ao.zip', NULL, NULL, NULL, NULL, NULL, 0),
	(815, 'screen3.jpg', 'jpg', 'image/jpeg', '', 400, 231, 0, 29303, 'mem6jg0kikc.jpg', NULL, NULL, NULL, NULL, NULL, 0),
	(816, 'screen3.jpg', 'jpg', 'image/jpeg', '', 400, 231, 0, 29303, 'mem6jgzrtoz.jpg', NULL, NULL, NULL, NULL, NULL, 0),
	(817, 'screen3.jpg', 'jpg', 'image/jpeg', '', 400, 231, 0, 29303, 'mem6jgj76je.jpg', NULL, NULL, NULL, NULL, NULL, 0),
	(818, 'testZipper.zip', 'zip', 'application/zip', '', 0, 0, 0, 8957, 'mem6p7ktm7r.zip', NULL, NULL, NULL, NULL, NULL, 0),
	(819, 'screen4.jpg', 'jpg', 'image/jpeg', '', 400, 231, 0, 28838, 'mem6p7obixm.jpg', NULL, NULL, NULL, NULL, NULL, 0),
	(820, 'screen4.jpg', 'jpg', 'image/jpeg', '', 400, 231, 0, 28838, 'mem6p77nbi6.jpg', NULL, NULL, NULL, NULL, NULL, 0),
	(821, 'screen4.jpg', 'jpg', 'image/jpeg', '', 400, 231, 0, 28838, 'mem6p79mopb.jpg', NULL, NULL, NULL, NULL, NULL, 0),
	(822, 'beauty_n.jpg', 'jpg', 'image/jpeg', '', 720, 477, 0, 63678, 'mepj18od9kx.jpg', NULL, NULL, NULL, NULL, NULL, 0),
	(823, 'beauty.jpg', 'jpg', 'image/jpeg', '', 720, 540, 0, 102062, 'meyxrsroc49.jpg', NULL, NULL, NULL, NULL, NULL, 0),
	(824, 'banner.jpg', 'jpg', 'image/jpeg', '', 1250, 400, 0, 326193, 'mf4d5362byd.jpg', NULL, NULL, NULL, NULL, NULL, 0),
	(825, 'Chrysanthemum.jpg', 'jpg', 'image/jpeg', '', 1024, 768, 0, 879394, 'mf9xr73x2sa.jpg', NULL, NULL, NULL, NULL, NULL, 0),
	(826, 'Chrysanthemum.jpg', 'jpg', 'image/jpeg', 'photo', 1024, 768, 0, 879394, 'mf9xs9lxknk.jpg', NULL, NULL, NULL, NULL, NULL, 0),
	(827, 'Chrysanthemum.jpg', 'jpg', 'image/jpeg', 'photo', 1024, 768, 0, 879394, 'mf9xufj1qh9.jpg', NULL, NULL, NULL, NULL, NULL, 0),
	(828, 'Penguins.jpg', 'jpg', 'image/jpeg', 'photo', 1024, 768, 0, 777835, 'mf9xv1eci9r.jpg', NULL, NULL, NULL, NULL, NULL, 0),
	(829, 'Jellyfish.jpg', 'jpg', 'image/jpeg', 'photo', 1024, 768, 0, 775702, 'mf9z3hlnmvb.jpg', NULL, NULL, NULL, NULL, NULL, 0),
	(830, 'ATT-iPhone-3GS-banner-100000-apps-on-the-App-Store1-580x210.png', 'png', 'image/png', '', 580, 210, 0, 149409, 'mfa73xnx65a.png', NULL, NULL, NULL, NULL, NULL, 0),
	(831, 'hero_front.jpg', 'jpg', 'image/jpeg', '', 558, 1042, 0, 204917, 'mfa7483y23t.jpg', NULL, NULL, NULL, NULL, NULL, 0),
	(832, 'Chrysanthemum.jpg', 'jpg', 'image/jpeg', 'photo', 1024, 768, 0, 879394, 'mfaaljqiyqt.jpg', NULL, NULL, NULL, NULL, NULL, 0),
	(833, 'Chrysanthemum.jpg', 'jpg', 'image/jpeg', 'photo', 1024, 768, 0, 879394, 'mfaaqt0tg32.jpg', NULL, NULL, NULL, NULL, NULL, 0),
	(834, '6June11-Mobile-1121_L1_111011.jpg', 'jpg', 'image/jpeg', '', 1000, 1000, 0, 198849, 'mfbf8nwfz5o.jpg', NULL, NULL, NULL, NULL, NULL, 0),
	(835, 'btn_videoLayer.png', 'png', 'image/png', '', 370, 370, 0, 2073, 'mfbf8n3osq2.png', NULL, NULL, NULL, NULL, NULL, 0),
	(836, 'a6_hero.png', 'png', 'image/png', '', 501, 327, 0, 175430, 'mfbf8nig7hc.png', NULL, NULL, NULL, NULL, NULL, 0),
	(837, 'a6_hero.png', 'png', 'image/png', '', 501, 327, 0, 175430, 'mfbf8n2l8h2.png', NULL, NULL, NULL, NULL, NULL, 0),
	(838, 'gostores_logo.jpg', 'jpg', 'image/jpeg', 'photo', 345, 75, 0, 12153, 'mfbxo7qewl7.jpg', NULL, NULL, NULL, NULL, NULL, 0),
	(839, '1_1335764338.jpg', 'jpg', 'image/jpeg', 'photo', 800, 600, 0, 341097, 'mff6xhabq1b.jpg', NULL, NULL, NULL, NULL, NULL, 0),
	(840, 'blablabla.jpg', 'jpg', 'image/jpeg', 'photo', 240, 50, 0, 14845, 'mgcogdqraxa.jpg', NULL, NULL, NULL, NULL, NULL, 0),
	(841, 'gostores_logo.jpg', 'jpg', 'image/jpeg', 'photo', 345, 75, 0, 12153, 'mgcokvkuch2.jpg', NULL, NULL, NULL, NULL, NULL, 0),
	(842, 'gostores_logo.jpg', 'jpg', 'image/jpeg', 'photo', 345, 75, 0, 12153, 'mgcokyvw6no.jpg', NULL, NULL, NULL, NULL, NULL, 0),
	(843, 'Chrysanthemum.jpg', 'jpg', 'image/jpeg', 'photo', 1024, 768, 0, 879394, 'mgewxbc45eg.jpg', NULL, NULL, NULL, NULL, NULL, 0),
	(844, 'fdsfdsfdsf.jpg', 'jpg', 'image/jpeg', 'photo', 240, 50, 0, 14962, 'mgg37n4rxjq.jpg', NULL, NULL, NULL, NULL, NULL, 0),
	(845, 'Chrysanthemum.jpg', 'jpg', 'image/jpeg', 'photo', 1024, 768, 0, 879394, 'mgg6xvf4ova.jpg', NULL, NULL, NULL, NULL, NULL, 0),
	(846, 'screen5.jpg', 'jpg', 'image/jpeg', '', 400, 231, 0, 92656, 'mgt5uqvtpbd.jpg', NULL, NULL, NULL, NULL, NULL, 0),
	(847, 'screen2.jpg', 'jpg', 'image/jpeg', '', 400, 231, 0, 49011, 'mgt5ylasmyr.jpg', NULL, NULL, NULL, NULL, NULL, 0),
	(848, 'screen3.jpg', 'jpg', 'image/jpeg', '', 400, 231, 0, 41185, 'mgt62bcr2b6.jpg', NULL, NULL, NULL, NULL, NULL, 0),
	(849, 'screen4.jpg', 'jpg', 'image/jpeg', '', 400, 231, 0, 37790, 'mgt7ao0kecp.jpg', NULL, NULL, NULL, NULL, NULL, 0),
	(850, 'screen1.jpg', 'jpg', 'image/jpeg', '', 400, 231, 0, 34610, 'mgt7azc4209.jpg', NULL, NULL, NULL, NULL, NULL, 0),
	(851, 'screen6.jpg', 'jpg', 'image/jpeg', '', 400, 231, 0, 34063, 'mgt7bbctolm.jpg', NULL, NULL, NULL, NULL, NULL, 0),
	(852, 'screen7.jpg', 'jpg', 'image/jpeg', '', 400, 231, 0, 49721, 'mgt7cut79wl.jpg', NULL, NULL, NULL, NULL, NULL, 0),
	(853, 'screen8.jpg', 'jpg', 'image/jpeg', '', 400, 231, 0, 57425, 'mgt7ddhjn0s.jpg', NULL, NULL, NULL, NULL, NULL, 0),
	(854, 'screen9.jpg', 'jpg', 'image/jpeg', '', 400, 231, 0, 50962, 'mgt7dqpo0d8.jpg', NULL, NULL, NULL, NULL, NULL, 0),
	(855, 'screen10.jpg', 'jpg', 'image/jpeg', '', 400, 231, 0, 42304, 'mgt7ek4w45m.jpg', NULL, NULL, NULL, NULL, NULL, 0),
	(856, 'screen11.jpg', 'jpg', 'image/jpeg', '', 400, 231, 0, 51930, 'mgt7exu4ops.jpg', NULL, NULL, NULL, NULL, NULL, 0),
	(857, 'screen12.jpg', 'jpg', 'image/jpeg', '', 400, 231, 0, 42350, 'mgt7fev1i3a.jpg', NULL, NULL, NULL, NULL, NULL, 0),
	(858, 'PearlWhite.zip', 'zip', 'application/zip', '', 0, 0, 0, 472878, 'mh2msvj6i6q.zip', NULL, NULL, NULL, NULL, NULL, 0),
	(859, 'PearlWhite.gif', 'gif', 'image/gif', '', 295, 235, 0, 38064, 'mh2msv7d4sn.gif', NULL, NULL, NULL, NULL, NULL, 0),
	(860, 'PearlWhite.gif', 'gif', 'image/gif', '', 295, 235, 0, 38064, 'mh2msva8xf7.gif', NULL, NULL, NULL, NULL, NULL, 0),
	(861, 'PearlWhite.gif', 'gif', 'image/gif', '', 295, 235, 0, 38064, 'mh2msv5uvkw.gif', NULL, NULL, NULL, NULL, NULL, 0),
	(862, 'Penguins.jpg', 'jpg', 'image/jpeg', '', 1024, 768, 0, 777835, 'mhsnb4yie3r.jpg', NULL, NULL, NULL, NULL, NULL, 0),
	(863, 'Chrysanthemum.jpg', 'jpg', 'image/jpeg', '', 1024, 768, 0, 879394, 'mqjhjn678zo.jpg', NULL, NULL, NULL, NULL, NULL, 0),
	(864, 'Desert.jpg', 'jpg', 'image/jpeg', '', 1024, 768, 0, 845941, 'mqjhukw6gni.jpg', NULL, NULL, NULL, NULL, NULL, 0),
	(865, 'Desert.jpg', 'jpg', 'image/jpeg', '', 1024, 768, 0, 845941, 'mqjhxg97nt7.jpg', NULL, NULL, NULL, NULL, NULL, 0),
	(866, 'Chrysanthemum.jpg', 'jpg', 'image/jpeg', '', 1024, 768, 0, 879394, 'ndf5vyna1bz.jpg', NULL, NULL, NULL, NULL, NULL, 0),
	(867, 'Chrysanthemum.jpg', 'jpg', 'image/jpeg', '', 1024, 768, 0, 879394, 'nrf7wzd4sna.jpg', NULL, NULL, NULL, NULL, NULL, 0),
	(868, 'Jellyfish.jpg', 'jpg', 'image/jpeg', '', 1024, 768, 0, 775702, 'nrf81solj3o.jpg', NULL, NULL, NULL, NULL, NULL, 0),
	(869, 'Penguins.jpg', 'jpg', 'image/jpeg', '', 1024, 768, 0, 777835, 'nyiyncb5ur8.jpg', NULL, NULL, NULL, NULL, NULL, 0),
	(870, 'gostores_logo.jpg', 'jpg', 'image/jpeg', 'photo', 345, 75, 0, 12153, 'nyrzmx9rqg9.jpg', NULL, NULL, NULL, NULL, NULL, 0),
	(871, 'gostores_logo.jpg', 'jpg', 'image/jpeg', 'photo', 345, 75, 0, 12153, 'nyrznacqcr0.jpg', NULL, NULL, NULL, NULL, NULL, 0),
	(872, 'gostores_logo.jpg', 'jpg', 'image/jpeg', 'photo', 202, 106, 0, 19627, 'o4w0r673qyo.jpg', NULL, NULL, NULL, NULL, NULL, 0),
	(873, 'gostores_logo.jpg', 'jpg', 'image/jpeg', 'photo', 202, 106, 0, 19627, 'o4w12nru1fx.jpg', NULL, NULL, NULL, NULL, NULL, 0),
	(874, 'gostores_logo.jpg', 'jpg', 'image/jpeg', 'photo', 202, 106, 0, 19627, 'o4w1344ptmv.jpg', NULL, NULL, NULL, NULL, NULL, 0),
	(875, 'gostores_logo.jpg', 'jpg', 'image/jpeg', 'photo', 202, 106, 0, 19627, 'o4w141e6mti.jpg', NULL, NULL, NULL, NULL, NULL, 0),
	(876, 'gostores_logo.jpg', 'jpg', 'image/jpeg', 'photo', 202, 106, 0, 19627, 'o4w14fsg842.jpg', NULL, NULL, NULL, NULL, NULL, 0),
	(877, 'gostores_logo.jpg', 'jpg', 'image/jpeg', 'photo', 202, 106, 0, 19627, 'o6yfvalshwm.jpg', NULL, NULL, NULL, NULL, NULL, 0),
	(878, 'ppohh095tu3.png', 'png', 'image/png', 'photo', 245, 78, 0, 5310, 'ppskqwl5i08.png', NULL, NULL, NULL, NULL, NULL, 0),
	(879, 'ppohh095tu3.png', 'png', 'image/png', 'photo', 245, 78, 0, 5310, 'ppskrmk0ou9.png', NULL, NULL, NULL, NULL, NULL, 0),
	(880, 'ppohh095tu3.png', 'png', 'image/png', 'photo', 245, 78, 0, 5310, 'ppskrq17826.png', NULL, NULL, NULL, NULL, NULL, 0),
	(881, 'ppokyjc1khr.png', 'png', 'image/png', 'photo', 345, 75, 0, 5517, 'ppsks5pbrfi.png', NULL, NULL, NULL, NULL, NULL, 0),
	(882, 'ppoosko13c6.png', 'png', 'image/png', '', 1349, 520, 0, 1150442, 'ppskuc41wi4.png', NULL, NULL, NULL, NULL, NULL, 0),
	(883, '11.png', 'png', 'image/png', '', 1349, 520, 0, 1150442, 'ppskyh4a430.png', NULL, NULL, NULL, NULL, NULL, 0),
	(884, '22.png', 'png', 'image/png', '', 1349, 520, 0, 802578, 'ppsl0s52jlt.png', NULL, NULL, NULL, NULL, NULL, 0),
	(885, '33.png', 'png', 'image/png', '', 1349, 520, 0, 874904, 'ppsl18659g4.png', NULL, NULL, NULL, NULL, NULL, 0),
	(886, 'guncomm.png', 'png', 'image/png', 'photo', 345, 75, 0, 5517, 'ppsmeabty85.png', NULL, NULL, NULL, NULL, NULL, 0),
	(887, 'footer-logo.png', 'png', 'image/png', 'photo', 271, 132, 0, 19208, 'pqithuqknrs.png', NULL, NULL, NULL, NULL, NULL, 0),
	(888, 'siteLogo_ppsmeabty85 (1).png', 'png', 'image/png', 'photo', 345, 75, 0, 5517, 'pqitkvrgmzy.png', NULL, NULL, NULL, NULL, NULL, 0),
	(889, 'Make ready Arms Logo DARK.png', 'png', 'image/png', 'photo', 706, 137, 0, 26391, 'pqivfsa5n84.png', NULL, NULL, NULL, NULL, NULL, 0),
	(890, 'Make ready Arms Logo DARK.png', 'png', 'image/png', 'photo', 706, 137, 0, 26391, 'pqivfy7vt3k.png', NULL, NULL, NULL, NULL, NULL, 0),
	(891, 'Make ready Arms Logo DARK.png', 'png', 'image/png', 'photo', 706, 137, 0, 26391, 'pqivg1xf8wq.png', NULL, NULL, NULL, NULL, NULL, 0),
	(892, 'make-ready-arms-logo.png', 'png', 'image/png', 'photo', 345, 75, 0, 22233, 'pqk9w4zelug.png', NULL, NULL, NULL, NULL, NULL, 0),
	(893, 'make-ready-arms-logo.png', 'png', 'image/png', 'photo', 345, 75, 0, 22233, 'pqk9w8x47v6.png', NULL, NULL, NULL, NULL, NULL, 0),
	(894, 's1.png', 'png', 'image/png', '', 400, 231, 0, 84644, 'pqkbj6q030o.png', NULL, NULL, NULL, NULL, NULL, 0),
	(895, 's1.png', 'png', 'image/png', '', 400, 231, 0, 84644, 'pqkeqf3ve02.png', NULL, NULL, NULL, NULL, NULL, 0),
	(896, 'Levis Collections   Product   Wardobes Paradise.png', 'png', 'image/png', '', 1349, 1274, 0, 250999, 'pqker7v05ef.png', NULL, NULL, NULL, NULL, NULL, 0),
	(897, 's2.png', 'png', 'image/png', '', 400, 231, 0, 32875, 'pqkfcua6zrc.png', NULL, NULL, NULL, NULL, NULL, 0),
	(898, 'new banner added is broken.png', 'png', 'image/png', '', 1280, 640, 0, 95059, 'psoggyqgawf.png', NULL, NULL, NULL, NULL, NULL, 0),
	(899, 'sold template history blank.png', 'png', 'image/png', '', 1366, 714, 0, 87758, 'psoggyc26ae.png', NULL, NULL, NULL, NULL, NULL, 0),
	(900, 'plan name blank.png', 'png', 'image/png', '', 1366, 719, 0, 111686, 'psoggyvuk25.png', NULL, NULL, NULL, NULL, NULL, 0),
	(901, 'request.png', 'png', 'image/png', '', 1347, 612, 0, 40517, 'psoggyalwuv.png', NULL, NULL, NULL, NULL, NULL, 0),
	(902, 'ppsl0s52jlt.png', 'png', 'image/png', '', 1349, 520, 0, 802578, 'ptfu8jkhbit.png', NULL, NULL, NULL, NULL, NULL, 0),
	(903, '2nd-amendmen.png', 'png', 'image/png', '', 500, 300, 0, 20495, 'ptyh5w7j2d6.png', NULL, NULL, NULL, NULL, NULL, 0),
	(904, 'bill-hicks-logo.png', 'png', 'image/png', '', 500, 300, 0, 80389, 'ptyh6h0hjbl.png', NULL, NULL, NULL, NULL, NULL, 0),
	(905, 'camfour-logo.png', 'png', 'image/png', '', 500, 300, 0, 56064, 'ptyh6wu6zhf.png', NULL, NULL, NULL, NULL, NULL, 0),
	(906, 'Davidsons.png', 'png', 'image/png', '', 500, 300, 0, 55078, 'ptyh7f3agik.png', NULL, NULL, NULL, NULL, NULL, 0),
	(907, 'fox-outdoor.png', 'png', 'image/png', '', 500, 300, 0, 16030, 'ptyh8pymb3i.png', NULL, NULL, NULL, NULL, NULL, 0),
	(908, 'Green-supply.png', 'png', 'image/png', '', 500, 300, 0, 42392, 'ptyh982i2hz.png', NULL, NULL, NULL, NULL, NULL, 0),
	(909, 'GunAccessory.png', 'png', 'image/png', '', 500, 300, 0, 33761, 'ptyha8s9ajr.png', NULL, NULL, NULL, NULL, NULL, 0),
	(910, 'hicks.png', 'png', 'image/png', '', 500, 300, 0, 47850, 'ptyhaublo5x.png', NULL, NULL, NULL, NULL, NULL, 0),
	(911, 'Lipseys-logo.png', 'png', 'image/png', '', 500, 300, 0, 46782, 'ptyhc7txt9i.png', NULL, NULL, NULL, NULL, NULL, 0),
	(912, 'mge-wholesale.png', 'png', 'image/png', '', 500, 300, 0, 38824, 'ptyhe0lhe9o.png', NULL, NULL, NULL, NULL, NULL, 0),
	(913, 'Sportsman\'s-Supply-Inc.png', 'png', 'image/png', '', 500, 300, 0, 49074, 'ptyhf53ob15.png', NULL, NULL, NULL, NULL, NULL, 0),
	(914, 'Sports-South.png', 'png', 'image/png', '', 500, 300, 0, 57480, 'ptyhfsox46d.png', NULL, NULL, NULL, NULL, NULL, 0),
	(915, 'Zanders.png', 'png', 'image/png', '', 500, 300, 0, 28239, 'ptyhga8hlsk.png', NULL, NULL, NULL, NULL, NULL, 0),
	(916, '2nd-amendmen.png', 'png', 'image/png', '', 500, 300, 0, 20495, 'ptyhh7dltjf.png', NULL, NULL, NULL, NULL, NULL, 0),
	(917, 'bill-hicks-logo.png', 'png', 'image/png', '', 500, 300, 0, 80389, 'ptyhhn2tlhb.png', NULL, NULL, NULL, NULL, NULL, 0),
	(918, 'camfour-logo.png', 'png', 'image/png', '', 500, 300, 0, 56064, 'ptyhl686f8z.png', NULL, NULL, NULL, NULL, NULL, 0),
	(919, 'Davidsons.png', 'png', 'image/png', '', 500, 300, 0, 55078, 'ptyhmwudf70.png', NULL, NULL, NULL, NULL, NULL, 0),
	(920, 'fox-outdoor.png', 'png', 'image/png', '', 500, 300, 0, 16030, 'ptyhnt01d0v.png', NULL, NULL, NULL, NULL, NULL, 0),
	(921, 'Green-supply.png', 'png', 'image/png', '', 500, 300, 0, 42392, 'ptyhp55njng.png', NULL, NULL, NULL, NULL, NULL, 0),
	(922, 'GunAccessory.png', 'png', 'image/png', '', 500, 300, 0, 33761, 'ptyhprxgbvu.png', NULL, NULL, NULL, NULL, NULL, 0),
	(923, 'hicks.png', 'png', 'image/png', '', 500, 300, 0, 47850, 'ptyhqbjy7oh.png', NULL, NULL, NULL, NULL, NULL, 0),
	(924, 'Lipseys-logo.png', 'png', 'image/png', '', 500, 300, 0, 46782, 'ptyhr2uxzmd.png', NULL, NULL, NULL, NULL, NULL, 0),
	(925, 'mge-wholesale.png', 'png', 'image/png', '', 500, 300, 0, 38824, 'ptyhrq61tky.png', NULL, NULL, NULL, NULL, NULL, 0),
	(926, 'Sportsman\'s-Supply-Inc.png', 'png', 'image/png', '', 500, 300, 0, 49074, 'ptyhszaoalu.png', NULL, NULL, NULL, NULL, NULL, 0),
	(927, 'Sports-South.png', 'png', 'image/png', '', 500, 300, 0, 57480, 'ptyhv9x4xh0.png', NULL, NULL, NULL, NULL, NULL, 0),
	(928, 'Zanders.png', 'png', 'image/png', '', 500, 300, 0, 28239, 'ptyhvs1xcta.png', NULL, NULL, NULL, NULL, NULL, 0),
	(929, 'Chrysanthemum.jpg', 'jpg', 'image/jpeg', '', 1024, 768, 0, 879394, 'pu5p3bpd5i0.jpg', NULL, NULL, NULL, NULL, NULL, 0),
	(930, 'Desert.jpg', 'jpg', 'image/jpeg', '', 1024, 768, 0, 845941, 'pu5p3blfhya.jpg', NULL, NULL, NULL, NULL, NULL, 0),
	(931, 'Hydrangeas.jpg', 'jpg', 'image/jpeg', '', 1024, 768, 0, 595284, 'pu5p3bls63x.jpg', NULL, NULL, NULL, NULL, NULL, 0),
	(932, 'Tulips.jpg', 'jpg', 'image/jpeg', '', 1024, 768, 0, 620888, 'pu5p3b9rwgj.jpg', NULL, NULL, NULL, NULL, NULL, 0),
	(933, 'Capture.jpg', 'jpg', 'image/jpeg', '', 1351, 642, 0, 78611, 'pu5piago29f.jpg', NULL, NULL, NULL, NULL, NULL, 0),
	(934, 'linea-screen.jpg', 'jpg', 'image/jpeg', '', 400, 231, 0, 23032, 'pudf642f0hw.jpg', NULL, NULL, NULL, NULL, NULL, 0),
	(935, 'new.jpg', 'jpg', 'image/jpeg', '', 1354, 653, 0, 81855, 'pul3h4xf1dv.jpg', NULL, NULL, NULL, NULL, NULL, 0),
	(936, 'Desert.jpg', 'jpg', 'image/jpeg', '', 1024, 768, 0, 845941, 'pul3h47s89c.jpg', NULL, NULL, NULL, NULL, NULL, 0),
	(937, 'Tulips.jpg', 'jpg', 'image/jpeg', '', 1024, 768, 0, 620888, 'pul3h4qpz1o.jpg', NULL, NULL, NULL, NULL, NULL, 0),
	(938, 'MagGrey.jpg', 'jpg', 'image/jpeg', '', 2016, 1512, 0, 1101370, 'pul67h2gmao.jpg', NULL, NULL, NULL, NULL, NULL, 0),
	(939, 'MagGrey.jpg', 'jpg', 'image/jpeg', '', 2016, 1512, 0, 1101370, 'pul691t3pzy.jpg', NULL, NULL, NULL, NULL, NULL, 0),
	(940, 'Add a heading.png', 'png', 'image/png', '', 1250, 400, 0, 1000509, 'pul6rj7qzmc.png', NULL, NULL, NULL, NULL, NULL, 0),
	(941, 'Untitled design (5).png', 'png', 'image/png', '', 1200, 600, 0, 514168, 'pul6xd7ydyr.png', NULL, NULL, NULL, NULL, NULL, 0),
	(942, 'Untitled design (6).png', 'png', 'image/png', '', 1200, 500, 0, 382320, 'pul71bkpkte.png', NULL, NULL, NULL, NULL, NULL, 0),
	(943, 'Untitled design (2) (1).png', 'png', 'image/png', '', 1200, 500, 0, 1034224, 'pun595osbpm.png', NULL, NULL, NULL, NULL, NULL, 0),
	(944, 'Untitled design (3) (1).png', 'png', 'image/png', '', 1200, 500, 0, 740478, 'pun5bweazum.png', NULL, NULL, NULL, NULL, NULL, 0),
	(945, 'banner main.png', 'png', 'image/png', '', 6720, 1680, 0, 66676, 'puopwzg09iz.png', NULL, NULL, NULL, NULL, NULL, 0),
	(946, 'ruger.jpg', 'jpg', 'image/jpeg', '', 1348, 624, 0, 102297, 'puu0bx0rz51.jpg', NULL, NULL, NULL, NULL, NULL, 0),
	(947, 'Chrysanthemum.jpg', 'jpg', 'image/jpeg', '', 1024, 768, 0, 879394, 'puu0bxvje2p.jpg', NULL, NULL, NULL, NULL, NULL, 0),
	(948, 'Lighthouse.jpg', 'jpg', 'image/jpeg', '', 1024, 768, 0, 561276, 'puu0bxurhxj.jpg', NULL, NULL, NULL, NULL, NULL, 0),
	(949, 'Template 3 footer image.png', 'png', 'image/png', '', 1887, 531, 0, 61917, 'puud5b0x3bj.png', NULL, NULL, NULL, NULL, NULL, 0),
	(950, 'Template 3 header image.png', 'png', 'image/png', '', 1892, 805, 0, 1072154, 'puude4ifry1.png', NULL, NULL, NULL, NULL, NULL, 0),
	(951, 'Template 3 middle image.png', 'png', 'image/png', '', 1870, 900, 0, 602278, 'puude47suq7.png', NULL, NULL, NULL, NULL, NULL, 0),
	(952, 'Template 4 header image.png', 'png', 'image/png', '', 1895, 820, 0, 1321791, 'puug1xrc3v9.png', NULL, NULL, NULL, NULL, NULL, 0),
	(953, 'Template 4 middle image.png', 'png', 'image/png', '', 1874, 914, 0, 617372, 'puug1xoqje9.png', NULL, NULL, NULL, NULL, NULL, 0),
	(954, 'Template 4 footer image.png', 'png', 'image/png', '', 1897, 1227, 0, 247036, 'puug1xi7fxk.png', NULL, NULL, NULL, NULL, NULL, 0),
	(955, 'Template 1 header image.png', 'png', 'image/png', '', 1893, 799, 0, 1753124, 'puuhcb8u1d6.png', NULL, NULL, NULL, NULL, NULL, 0),
	(956, 'Template 1 middle image.png', 'png', 'image/png', '', 1893, 929, 0, 689681, 'puuhcbcs6eq.png', NULL, NULL, NULL, NULL, NULL, 0),
	(957, 'Template 1 footer image.png', 'png', 'image/png', '', 1893, 1187, 0, 274518, 'puuhcbd1ypu.png', NULL, NULL, NULL, NULL, NULL, 0),
	(958, 'Template 1 middle image.png', 'png', 'image/png', '', 1893, 929, 0, 689681, 'puuhfpiphi8.png', NULL, NULL, NULL, NULL, NULL, 0),
	(959, 'Template 1 footer image.png', 'png', 'image/png', '', 1893, 1187, 0, 274518, 'puuhfp7j9w9.png', NULL, NULL, NULL, NULL, NULL, 0),
	(960, 'Template 1 middle image.png', 'png', 'image/png', '', 1893, 929, 0, 689681, 'puuhi6npt58.png', NULL, NULL, NULL, NULL, NULL, 0),
	(961, 'Template 1 footer image.png', 'png', 'image/png', '', 1893, 1187, 0, 274518, 'puuhi6jd8pv.png', NULL, NULL, NULL, NULL, NULL, 0),
	(962, 'Template 4 middle image.png', 'png', 'image/png', '', 1915, 1103, 0, 498591, 'puv7l8dk4iv.png', NULL, NULL, NULL, NULL, NULL, 0),
	(963, 'Template 4 footer image.png', 'png', 'image/png', '', 1903, 1191, 0, 206315, 'puv7l8r82vr.png', NULL, NULL, NULL, NULL, NULL, 0),
	(964, 'Template 4 half page test.png', 'png', 'image/png', '', 1905, 2177, 0, 1726353, 'puvzd7bup5r.png', NULL, NULL, NULL, NULL, NULL, 0),
	(965, 'Template 4 half page test.png', 'png', 'image/png', '', 1905, 2177, 0, 1726353, 'puw6uo4gzm8.png', NULL, NULL, NULL, NULL, NULL, 0),
	(966, 'Template 4 half page test2.png', 'png', 'image/png', '', 1900, 1655, 0, 1494115, 'puw7rdjdh2k.png', NULL, NULL, NULL, NULL, NULL, 0),
	(967, 'Template 4 header image.png', 'png', 'image/png', '', 1915, 1079, 0, 1508850, 'puw7t6rhyqs.png', NULL, NULL, NULL, NULL, NULL, 0),
	(968, 'Template 4 half page test.png', 'png', 'image/png', '', 1905, 2177, 0, 1726353, 'puw83qz5y1k.png', NULL, NULL, NULL, NULL, NULL, 0),
	(969, 'Template 4 half page test.png', 'png', 'image/png', '', 1900, 2852, 0, 1592334, 'puw8951dcat.png', NULL, NULL, NULL, NULL, NULL, 0),
	(970, 'Template 4 half page test2.png', 'png', 'image/png', '', 1920, 2054, 0, 484334, 'puwes3lgk6x.png', NULL, NULL, NULL, NULL, NULL, 0),
	(971, 'Template 1 half page test.png', 'png', 'image/png', '', 1885, 2683, 0, 996636, 'puwg2y3pyoa.png', NULL, NULL, NULL, NULL, NULL, 0),
	(972, 'Template 1 half page test2.png', 'png', 'image/png', '', 1902, 1442, 0, 250348, 'puwg2yszkof.png', NULL, NULL, NULL, NULL, NULL, 0),
	(973, 'Template 2 half page test.png', 'png', 'image/png', '', 1879, 1779, 0, 708821, 'puwm47a64wd.png', NULL, NULL, NULL, NULL, NULL, 0),
	(974, 'Template 2 half page test2.png', 'png', 'image/png', '', 1906, 1552, 0, 216666, 'puwm47hqv53.png', NULL, NULL, NULL, NULL, NULL, 0),
	(975, 'Template 3 half page test.png', 'png', 'image/png', '', 1893, 3121, 0, 952915, 'puwrm3d7xlj.png', NULL, NULL, NULL, NULL, NULL, 0),
	(976, 'Template 3 half page test2.png', 'png', 'image/png', '', 1920, 1984, 0, 489236, 'puwrm3f4sp5.png', NULL, NULL, NULL, NULL, NULL, 0),
	(977, 'Template 5 header image.png', 'png', 'image/png', '', 1889, 693, 0, 1575246, 'pv5qp69onol.png', NULL, NULL, NULL, NULL, NULL, 0),
	(978, 'Template 5 middle image.png', 'png', 'image/png', '', 1891, 3921, 0, 1808337, 'pv5qp65h69p.png', NULL, NULL, NULL, NULL, NULL, 0),
	(979, 'Template 5 product page.png', 'png', 'image/png', '', 1894, 2564, 0, 1354734, 'pv5r12xdou1.png', NULL, NULL, NULL, NULL, NULL, 0),
	(980, 'home-page.jpg', 'jpg', 'image/jpeg', '', 1349, 1912, 0, 381204, 'pv7ee849p8i.jpg', NULL, NULL, NULL, NULL, NULL, 0),
	(981, 'inner-1.jpg', 'jpg', 'image/jpeg', '', 1349, 2166, 0, 292206, 'pv7ee93n474.jpg', NULL, NULL, NULL, NULL, NULL, 0),
	(982, 'inner-2.jpg', 'jpg', 'image/jpeg', '', 1349, 1180, 0, 175839, 'pv7ee9sco4l.jpg', NULL, NULL, NULL, NULL, NULL, 0),
	(983, 'home-page.jpg', 'jpg', 'image/jpeg', '', 1349, 2142, 0, 332228, 'pv7eey0avlj.jpg', NULL, NULL, NULL, NULL, NULL, 0),
	(984, 'inner-1.jpg', 'jpg', 'image/jpeg', '', 1349, 2371, 0, 272383, 'pv7eeyhle4v.jpg', NULL, NULL, NULL, NULL, NULL, 0),
	(985, 'inner-3.jpg', 'jpg', 'image/jpeg', '', 1349, 1229, 0, 174887, 'pv7eey9cf3f.jpg', NULL, NULL, NULL, NULL, NULL, 0),
	(986, 'home.jpg', 'jpg', 'image/jpeg', '', 1349, 2624, 0, 392709, 'pv7eflio4el.jpg', NULL, NULL, NULL, NULL, NULL, 0),
	(987, 'inner-1.jpg', 'jpg', 'image/jpeg', '', 1349, 2424, 0, 296351, 'pv7eflw16ox.jpg', NULL, NULL, NULL, NULL, NULL, 0),
	(988, 'inner-3.jpg', 'jpg', 'image/jpeg', '', 1349, 1131, 0, 137083, 'pv7efl8lx5d.jpg', NULL, NULL, NULL, NULL, NULL, 0),
	(989, 'home-page.jpg', 'jpg', 'image/jpeg', '', 1349, 1961, 0, 290730, 'pv7eg8c5y8g.jpg', NULL, NULL, NULL, NULL, NULL, 0),
	(990, 'inner-1.jpg', 'jpg', 'image/jpeg', '', 1349, 2439, 0, 298367, 'pv7eg84qotx.jpg', NULL, NULL, NULL, NULL, NULL, 0),
	(991, 'inner-2.jpg', 'jpg', 'image/jpeg', '', 1349, 1394, 0, 197098, 'pv7eg8biqf2.jpg', NULL, NULL, NULL, NULL, NULL, 0),
	(992, 'home-page.jpg', 'jpg', 'image/jpeg', '', 1349, 2954, 0, 502102, 'pv7egt6arfj.jpg', NULL, NULL, NULL, NULL, NULL, 0),
	(993, 'inner-page-1.jpg', 'jpg', 'image/jpeg', '', 1349, 2947, 0, 346063, 'pv7egthwf4z.jpg', NULL, NULL, NULL, NULL, NULL, 0),
	(994, 'inner-page-2.jpg', 'jpg', 'image/jpeg', '', 1349, 2163, 0, 233207, 'pv7egtenblr.jpg', NULL, NULL, NULL, NULL, NULL, 0),
	(995, 'home-page1.jpg', 'jpg', 'image/jpeg', '', 1349, 1231, 0, 151265, 'pv7elg4980g.jpg', NULL, NULL, NULL, NULL, NULL, 0),
	(996, 'home-page1.jpg', 'jpg', 'image/jpeg', '', 1349, 790, 0, 103048, 'pv7epa837ra.jpg', NULL, NULL, NULL, NULL, NULL, 0),
	(997, 'home-page11.jpg', 'jpg', 'image/jpeg', '', 1349, 790, 0, 176924, 'pv7et0w5h50.jpg', NULL, NULL, NULL, NULL, NULL, 0),
	(998, 'home-page11.jpg', 'jpg', 'image/jpeg', '', 1349, 790, 0, 138716, 'pv7euzpdr63.jpg', NULL, NULL, NULL, NULL, NULL, 0),
	(999, 'home-page11.jpg', 'jpg', 'image/jpeg', '', 1349, 790, 0, 107841, 'pv7ex9tpo9y.jpg', NULL, NULL, NULL, NULL, NULL, 0),
	(1000, 'home-page11.jpg', 'jpg', 'image/jpeg', '', 1349, 790, 0, 182949, 'pv7ez87fame.jpg', NULL, NULL, NULL, NULL, NULL, 0),
	(1001, 'home-page.jpg', 'jpg', 'image/jpeg', '', 1349, 1912, 0, 381204, 'pv8s4i3fye6.jpg', NULL, NULL, NULL, NULL, NULL, 0),
	(1002, 'home-page.jpg', 'jpg', 'image/jpeg', '', 1349, 2142, 0, 332228, 'pv8s6p5sx1y.jpg', NULL, NULL, NULL, NULL, NULL, 0),
	(1003, 'home.jpg', 'jpg', 'image/jpeg', '', 1349, 2624, 0, 392709, 'pv8s7t7dmbx.jpg', NULL, NULL, NULL, NULL, NULL, 0),
	(1004, 'home-page.jpg', 'jpg', 'image/jpeg', '', 1349, 1961, 0, 290730, 'pv8s8y816t4.jpg', NULL, NULL, NULL, NULL, NULL, 0),
	(1005, 'home-page11.jpg', 'jpg', 'image/jpeg', '', 1349, 790, 0, 107841, 'pv8safsam1v.jpg', NULL, NULL, NULL, NULL, NULL, 0),
	(1006, 'home-page.jpg', 'jpg', 'image/jpeg', '', 1349, 1961, 0, 290730, 'pv8safufig7.jpg', NULL, NULL, NULL, NULL, NULL, 0),
	(1007, 'home-page.jpg', 'jpg', 'image/jpeg', '', 1349, 2954, 0, 502102, 'pv8sb0haen5.jpg', NULL, NULL, NULL, NULL, NULL, 0),
	(1008, 'IS-Logo-2017-Stacked.png', 'png', 'image/png', '', 965, 297, 0, 81528, 'pv939w62w0e.png', NULL, NULL, NULL, NULL, NULL, 0),
	(1009, 'IS-Logo-2017-Stacked.png', 'png', 'image/png', '', 768, 236, 0, 50757, 'pv93c1csw5m.png', NULL, NULL, NULL, NULL, NULL, 0),
	(1010, 'IS-Logo-2017-Stacked.png', 'png', 'image/png', '', 667, 200, 0, 83191, 'pv93dc3z7cl.png', NULL, NULL, NULL, NULL, NULL, 0),
	(1011, 'Bluedog logo.png', 'png', 'image/png', '', 486, 104, 0, 4330, 'pv93fnnmjmd.png', NULL, NULL, NULL, NULL, NULL, 0),
	(1012, '11.jpg', 'jpg', 'image/jpeg', '', 1349, 520, 0, 105799, 'px1qfmmgfw3.jpg', NULL, NULL, NULL, NULL, NULL, 0),
	(1013, '22.jpg', 'jpg', 'image/jpeg', '', 1349, 520, 0, 53365, 'px1qfw0l3u0.jpg', NULL, NULL, NULL, NULL, NULL, 0),
	(1014, '33.jpg', 'jpg', 'image/jpeg', '', 1349, 520, 0, 47699, 'px1qg7b5090.jpg', NULL, NULL, NULL, NULL, NULL, 0),
	(1015, '44.jpg', 'jpg', 'image/jpeg', '', 1349, 520, 0, 40639, 'px1qghz94em.jpg', NULL, NULL, NULL, NULL, NULL, 0),
	(1016, 'tshirt.jpg', 'jpg', 'image/jpeg', '', 690, 690, 0, 30429, 'pxz7k3dj62x.jpg', NULL, NULL, NULL, NULL, NULL, 0),
	(1017, '1.jpg', 'jpg', 'image/jpeg', '', 1990, 1500, 0, 311147, 'py2wiu75nl1.jpg', NULL, NULL, NULL, NULL, NULL, 0),
	(1018, '102315-ipod.jpg', 'jpg', 'image/jpeg', '', 1900, 2000, 0, 827447, 'py2ws8ei7jh.jpg', NULL, NULL, NULL, NULL, NULL, 0),
	(1019, 'fff.jpg', 'jpg', 'image/jpeg', '', 316, 159, 0, 8273, 'py2xfk9al6w.jpg', NULL, NULL, NULL, NULL, NULL, 0),
	(1020, 'a342c59bd95632a632a75cf8db12b534.fullthumb.png', 'png', 'image/png', '', 60, 60, 0, 5318, 'py2xhwkhqor.png', NULL, NULL, NULL, NULL, NULL, 0),
	(1021, 'screenshot-2.png', 'png', 'image/png', '', 474, 292, 0, 20722, 'py2y1xqnpf6.png', NULL, NULL, NULL, NULL, NULL, 0),
	(1022, 'SiteLogo111.png', 'png', 'image/png', 'photo', 140, 75, 0, 4071, 'py4l9dvzqg9.png', NULL, NULL, NULL, NULL, NULL, 0),
	(1023, 'gostores_logo.jpg', 'jpg', 'image/jpeg', 'photo', 345, 75, 0, 7502, 'py4los9yiek.jpg', NULL, NULL, NULL, NULL, NULL, 0),
	(1024, 'gostores_logo.jpg', 'jpg', 'image/jpeg', 'photo', 345, 75, 0, 12153, 'py4qz0560cm.jpg', NULL, NULL, NULL, NULL, NULL, 0),
	(1025, 'gostores_logo.jpg', 'jpg', 'image/jpeg', 'photo', 345, 75, 0, 12153, 'py4r3i62uoh.jpg', NULL, NULL, NULL, NULL, NULL, 0),
	(1026, 'Screenshot from 2019-09-24 09-05-09.png', 'png', 'image/png', '', 1301, 638, 0, 709989, 'pybh0kmnliv.png', NULL, NULL, NULL, NULL, NULL, 0),
	(1027, 'Screenshot from 2019-09-24 09-07-38.png', 'png', 'image/png', '', 1288, 637, 0, 427864, 'pybh17ki2ze.png', NULL, NULL, NULL, NULL, NULL, 0),
	(1028, 'Screenshot from 2019-09-24 09-09-19.png', 'png', 'image/png', '', 1282, 641, 0, 532718, 'pybh1xgmf2w.png', NULL, NULL, NULL, NULL, NULL, 0),
	(1029, 'Screenshot from 2019-09-24 09-11-26.png', 'png', 'image/png', '', 1288, 639, 0, 558378, 'pybh2fhaifx.png', NULL, NULL, NULL, NULL, NULL, 0),
	(1030, 'Screenshot from 2019-09-24 09-12-09.png', 'png', 'image/png', '', 1290, 640, 0, 641292, 'pybh33z354y.png', NULL, NULL, NULL, NULL, NULL, 0),
	(1031, 'Screenshot from 2019-09-24 14-22-21.png', 'png', 'image/png', '', 1286, 623, 0, 515530, 'pybvcfg12b1.png', NULL, NULL, NULL, NULL, NULL, 0),
	(1032, '1.png', 'png', 'image/png', '', 1349, 3330, 0, 2177346, 'pyfa7jsynaj.png', NULL, NULL, NULL, NULL, NULL, 0),
	(1033, '11.png', 'png', 'image/png', '', 400, 231, 0, 93615, 'pyfaeakpd3r.png', NULL, NULL, NULL, NULL, NULL, 0),
	(1034, '22.png', 'png', 'image/png', '', 400, 231, 0, 34659, 'pyfaj0j859d.png', NULL, NULL, NULL, NULL, NULL, 0),
	(1035, '33.png', 'png', 'image/png', '', 400, 231, 0, 16736, 'pyfakqdxsk2.png', NULL, NULL, NULL, NULL, NULL, 0),
	(1036, '44.png', 'png', 'image/png', '', 400, 231, 0, 17082, 'pyfamxal86i.png', NULL, NULL, NULL, NULL, NULL, 0),
	(1037, '44.png', 'png', 'image/png', '', 400, 231, 0, 17082, 'pyfaousul7k.png', NULL, NULL, NULL, NULL, NULL, 0),
	(1038, '55.png', 'png', 'image/png', '', 400, 231, 0, 12152, 'pyfap67z5em.png', NULL, NULL, NULL, NULL, NULL, 0),
	(1039, '66.png', 'png', 'image/png', '', 400, 231, 0, 12695, 'pyfar9znw4n.png', NULL, NULL, NULL, NULL, NULL, 0),
	(1040, 'ad1.png', 'png', 'image/png', '', 400, 231, 0, 16928, 'pyfb6ccmd90.png', NULL, NULL, NULL, NULL, NULL, 0),
	(1041, 'ad2.png', 'png', 'image/png', '', 400, 231, 0, 28181, 'pyfb6nucxpw.png', NULL, NULL, NULL, NULL, NULL, 0),
	(1042, 'ad3.png', 'png', 'image/png', '', 400, 231, 0, 17656, 'pyfb6y4eyxt.png', NULL, NULL, NULL, NULL, NULL, 0),
	(1043, 'ad4.png', 'png', 'image/png', '', 400, 231, 0, 30413, 'pyfb77kj3u3.png', NULL, NULL, NULL, NULL, NULL, 0),
	(1044, 'ad5.png', 'png', 'image/png', '', 400, 231, 0, 24699, 'pyfb7k08s17.png', NULL, NULL, NULL, NULL, NULL, 0),
	(1045, 'ad6.png', 'png', 'image/png', '', 400, 231, 0, 16984, 'pyfb8njphij.png', NULL, NULL, NULL, NULL, NULL, 0),
	(1046, 'r5.png', 'png', 'image/png', '', 1290, 640, 0, 785332, 'pyfcus1klso.png', NULL, NULL, NULL, NULL, NULL, 0),
	(1047, 'r2.png', 'png', 'image/png', '', 1349, 2247, 0, 660912, 'pyfdam2n6ak.png', NULL, NULL, NULL, NULL, NULL, 0),
	(1048, 'ruger.png', 'png', 'image/png', '', 1349, 3887, 0, 2760395, 'pyfdf8jhk96.png', NULL, NULL, NULL, NULL, NULL, 0),
	(1049, 'r5.png', 'png', 'image/png', '', 1290, 640, 0, 785332, 'pyfdh7uq10b.png', NULL, NULL, NULL, NULL, NULL, 0),
	(1050, 'ruger.png', 'png', 'image/png', '', 1349, 3887, 0, 2760395, 'pyfdiatba5v.png', NULL, NULL, NULL, NULL, NULL, 0),
	(1051, 'r2.png', 'png', 'image/png', '', 1349, 2247, 0, 660912, 'pyfdiarcu54.png', NULL, NULL, NULL, NULL, NULL, 0),
	(1052, '1.png', 'png', 'image/png', '', 1349, 3330, 0, 2177346, 'pyffv0y1g6g.png', NULL, NULL, NULL, NULL, NULL, 0),
	(1053, '2.png', 'png', 'image/png', '', 1349, 1173, 0, 269770, 'pyffv0ny0lb.png', NULL, NULL, NULL, NULL, NULL, 0),
	(1054, 'l-1.png', 'png', 'image/png', '', 1349, 3073, 0, 2297501, 'pyfgbo6eh4t.png', NULL, NULL, NULL, NULL, NULL, 0),
	(1055, 'l-2.png', 'png', 'image/png', '', 1349, 1117, 0, 307028, 'pyfgboxmih5.png', NULL, NULL, NULL, NULL, NULL, 0),
	(1056, 'r-1.png', 'png', 'image/png', '', 1349, 3310, 0, 1977781, 'pyfgl8b5jov.png', NULL, NULL, NULL, NULL, NULL, 0),
	(1057, 'r-2.png', 'png', 'image/png', '', 1349, 1305, 0, 389736, 'pyfgl8fp4ct.png', NULL, NULL, NULL, NULL, NULL, 0),
	(1058, 'a-1.png', 'png', 'image/png', '', 1349, 3224, 0, 1835169, 'pyfgpotd0uv.png', NULL, NULL, NULL, NULL, NULL, 0),
	(1059, 'a-2.png', 'png', 'image/png', '', 1349, 1263, 0, 303847, 'pyfgpovc5ev.png', NULL, NULL, NULL, NULL, NULL, 0),
	(1060, 'v-1.png', 'png', 'image/png', '', 1349, 3684, 0, 2102055, 'pyfgu8jl2ya.png', NULL, NULL, NULL, NULL, NULL, 0),
	(1061, 'v-2.png', 'png', 'image/png', '', 1349, 1765, 0, 343151, 'pyfgu88vkef.png', NULL, NULL, NULL, NULL, NULL, 0),
	(1062, 'logo.png', 'png', 'image/png', 'photo', 345, 75, 0, 7233, 'pyfkef8pn2w.png', NULL, NULL, NULL, NULL, NULL, 0),
	(1063, 'logo.png', 'png', 'image/png', 'photo', 345, 75, 0, 7233, 'pyfkezyndrl.png', NULL, NULL, NULL, NULL, NULL, 0);

INSERT IGNORE INTO `goStores_help` (`nId`, `vTitle`, `tDescription`, `eType`, `eStatus`) VALUES
	(6, 'Feature\'s', 'Features 	Previous  Next Few features of this site are listed below       Automated Recurring Billing      Simple Web-Based Interface      Automated Scheduled Invoicing      Access to Billing Records      Integrated Help Desk      Integrated Store Builder      Hosting Support', 'User', 'Active'),
	(5, 'Introduction', 'GoStores gives you an instant online store with a new domain name or a subdomain name or to your existing domain as you opt.', 'User', 'Active'),
	(7, 'Registration', 'The registration section contains minimal user details. Please enter your Login name, Password, and Email. All the fields marked with a red star are mandatory. Your Log in Name must contain (a-z, A-Z) and digits (0-9). Now your account is activated and you can login to your site immediately. Make sure to completely fill out your profile under the \'Edit Profile\' link.\r\n', 'User', 'Active'),
	(8, 'Introduction', 'GoStores gives you an instant online store with a new domain name or a subdomain name or to your existing domain as you opt.', 'Admin', 'Active'),
	(9, 'Settings', '<table width="576" cellspacing="0" cellpadding="3" border="1" style="border-collapse: collapse; border: none">\r\n    <tbody><tr>\r\n    <td width="15" valign="top" height="34" style="border: solid #010101 1px;">\r\n    <div align="left"><font face="Arial" color="#010101"><span style="font-size:10pt">01</span></font><font color="#010101"></font></div>\r\n    </td>\r\n    <td width="213" valign="top" height="34" style="border: solid #010101 1px;">\r\n    <div align="left"><font face="Arial" color="#010101"><span style="font-size:10pt">ENOM Reseller User Name:</span></font><font color="#010101"></font></div>\r\n    </td>\r\n    <td width="321" valign="top" height="34" style="border: solid #010101 1px;">\r\n    <div align="left"><font face="Arial" color="#010101"><span style="font-size:10pt">Reseller account user name with ENOM.</span></font><font color="#010101"></font></div>\r\n    </td></tr>\r\n    <tr>\r\n    <td width="15" valign="top" height="31" style="border: solid #010101 1px;">\r\n    <div align="left"><font face="Arial" color="#010101"><span style="font-size:10pt">02</span></font><font color="#010101"></font></div>\r\n    </td>\r\n    <td width="213" valign="top" height="31" style="border: solid #010101 1px;">\r\n    <div align="left"><font face="Arial" color="#010101"><span style="font-size:10pt">ENOM Reseller Password:</span></font><font color="#010101"></font></div>\r\n    </td>\r\n    <td width="321" valign="top" height="31" style="border: solid #010101 1px;">\r\n    <div align="left"><font face="Arial" color="#010101"><span style="font-size:10pt">Reseller account password.</span></font><font color="#010101"></font></div>\r\n    </td></tr>\r\n    <tr>\r\n    <td width="15" valign="top" height="31" style="border: solid #010101 1px;">\r\n    <div align="left"><font face="Arial" color="#010101"><span style="font-size:10pt">03</span></font><font color="#010101"></font></div>\r\n    </td>\r\n    <td width="213" valign="top" height="31" style="border: solid #010101 1px;">\r\n    <div align="left"><font face="Arial" color="#010101"><span style="font-size:10pt">ENOM User IP:</span></font><font color="#010101"></font></div>\r\n    </td>\r\n    <td width="321" valign="top" height="31" style="border: solid #010101 1px;">\r\n    <div align="left"><font face="Arial" color="#010101"><span style="font-size:10pt">IP allowed for the Reseller account with ENOM.</span></font><font color="#010101"></font></div>\r\n    </td></tr>\r\n    <tr>\r\n    <td width="15" valign="top" height="33" style="border: solid #010101 1px;">\r\n    <div align="left"><font face="Arial" color="#010101"><span style="font-size:10pt">04</span></font><font color="#010101"></font></div>\r\n    </td>\r\n    <td width="213" valign="top" height="33" style="border: solid #010101 1px;">\r\n    <div align="left"><font face="Arial" color="#010101"><span style="font-size:10pt">ENOM Mode:&nbsp; &nbsp;&nbsp;&nbsp;&nbsp;</span></font><font color="#010101"></font></div>\r\n    </td>\r\n    <td width="321" valign="top" height="33" style="border: solid #010101 1px;">\r\n    <div align="left"><font face="Arial" color="#010101"><span style="font-size:10pt">Test/Live mode of ENOM Reseller account.</span></font><font color="#010101"></font></div>\r\n    </td></tr>\r\n    <tr>\r\n    <td width="15" valign="top" height="31" style="border: solid #010101 1px;">\r\n    <div align="left"><font face="Arial" color="#010101"><span style="font-size:10pt">05</span></font><font color="#010101"></font></div>\r\n    </td>\r\n    <td width="213" valign="top" height="31" style="border: solid #010101 1px;">\r\n    <div align="left"><font face="Arial" color="#010101"><span style="font-size:10pt">Administrator Name:</span></font><font color="#010101"></font></div>\r\n    </td>\r\n    <td width="321" valign="top" height="31" style="border: solid #010101 1px;">\r\n    <div align="left"><font face="Arial" color="#010101"><span style="font-size:10pt">Name of the administrator of the site.</span></font><font color="#010101"></font></div>\r\n    </td></tr>\r\n    <tr>\r\n    <td width="15" valign="top" height="30" style="border: solid #010101 1px;">\r\n    <div align="left"><font face="Arial" color="#010101"><span style="font-size:10pt">06</span></font><font color="#010101"></font></div>\r\n    </td>\r\n    <td width="213" valign="top" height="30" style="border: solid #010101 1px;">\r\n    <div align="left"><font face="Arial" color="#010101"><span style="font-size:10pt">Administrator Signature:</span></font><font color="#010101"></font></div>\r\n    </td>\r\n    <td width="321" valign="top" height="30" style="border: solid #010101 1px;">\r\n    <div align="left"><font face="Arial" color="#010101"><span style="font-size:10pt">Signature of the administrator of the site.</span></font><font color="#010101"></font></div>\r\n    </td></tr>\r\n    <tr>\r\n    <td width="15" valign="top" height="31" style="border: solid #010101 1px;">\r\n    <div align="left"><font face="Arial" color="#010101"><span style="font-size:10pt">07</span></font><font color="#010101"></font></div>\r\n    </td>\r\n    <td width="213" valign="top" height="31" style="border: solid #010101 1px;">\r\n    <div align="left"><font face="Arial" color="#010101"><span style="font-size:10pt">Administrator Password:&nbsp; &nbsp;&nbsp;&nbsp;&nbsp;</span></font><font color="#010101"></font></div>\r\n    </td>\r\n    <td width="321" valign="top" height="31" style="border: solid #010101 1px;">\r\n    <div align="left"><font face="Arial" color="#010101"><span style="font-size:10pt">Password of the administrator of the site.</span></font><font color="#010101"></font></div>\r\n    </td></tr>\r\n    <tr>\r\n    <td width="15" valign="top" height="33" style="border: solid #010101 1px;">\r\n    <div align="left"><font face="Arial" color="#010101"><span style="font-size:10pt">08</span></font><font color="#010101"></font></div>\r\n    </td>\r\n    <td width="213" valign="top" height="33" style="border: solid #010101 1px;">\r\n    <div align="left"><font face="Arial" color="#010101"><span style="font-size:10pt">Adminstrator Mail:</span></font><font color="#010101"></font></div>\r\n    </td>\r\n    <td width="321" valign="top" height="33" style="border: solid #010101 1px;">\r\n    <div align="left"><font face="Arial" color="#010101"><span style="font-size:10pt">Mail address of the administrator of the site.</span></font><font color="#010101"></font></div>\r\n    </td></tr>\r\n    <tr>\r\n    <td width="15" valign="top" height="31" style="border: solid #010101 1px;">\r\n    <div align="left"><font face="Arial" color="#010101"><span style="font-size:10pt">09</span></font><font color="#010101"></font></div>\r\n    </td>\r\n    <td width="213" valign="top" height="31" style="border: solid #010101 1px;">\r\n    <div align="left"><font face="Arial" color="#010101"><span style="font-size:10pt">Company Name:</span></font><font color="#010101"></font></div>\r\n    </td>\r\n    <td width="321" valign="top" height="31" style="border: solid #010101 1px;">\r\n    <div align="left"><font face="Arial" color="#010101"><span style="font-size:10pt">Name of the company.</span></font><font color="#010101"></font></div>\r\n    </td></tr>\r\n    <tr>\r\n    <td width="15" valign="top" height="31" style="border: solid #010101 1px;">\r\n    <div align="left"><font face="Arial" color="#010101"><span style="font-size:10pt">10</span></font><font color="#010101"></font></div>\r\n    </td>\r\n    <td width="213" valign="top" height="31" style="border: solid #010101 1px;">\r\n    <div align="left"><font face="Arial" color="#010101"><span style="font-size:10pt">Name of the Site:</span></font><font color="#010101"></font></div>\r\n    </td>\r\n    <td width="321" valign="top" height="31" style="border: solid #010101 1px;">\r\n    <div align="left"><font face="Arial" color="#010101"><span style="font-size:10pt">Name of the Site.</span></font><font color="#010101"></font></div>\r\n    </td></tr>\r\n    <tr>\r\n    <td width="15" valign="top" height="30" style="border: solid #010101 1px;">\r\n    <div align="left"><font face="Arial" color="#010101"><span style="font-size:10pt">11</span></font><font color="#010101"></font></div>\r\n    </td>\r\n    <td width="213" valign="top" height="30" style="border: solid #010101 1px;">\r\n    <div align="left"><font face="Arial" color="#010101"><span style="font-size:10pt">Invoice From:</span></font><font color="#010101"></font></div>\r\n    </td>\r\n    <td width="321" valign="top" height="30" style="border: solid #010101 1px;">\r\n    <div align="left"><font face="Arial" color="#010101"><span style="font-size:10pt">Invoice from details, which are used with invoices.</span></font><font color="#010101"></font></div>\r\n    </td></tr>\r\n    <tr>\r\n    <td width="15" valign="top" height="31" style="border: solid #010101 1px;">\r\n    <div align="left"><font face="Arial" color="#010101"><span style="font-size:10pt">12</span></font><font color="#010101"></font></div>\r\n    </td>\r\n    <td width="213" valign="top" height="31" style="border: solid #010101 1px;">\r\n    <div align="left"><font face="Arial" color="#010101"><span style="font-size:10pt">Site URL:</span></font><font color="#010101"></font></div>\r\n    </td>\r\n    <td width="321" valign="top" height="31" style="border: solid #010101 1px;">\r\n    <div align="left"><font face="Arial" color="#010101"><span style="font-size:10pt">URL of the site, it gets displayed automatically.</span></font><font color="#010101"></font></div>\r\n    </td></tr>\r\n    <tr>\r\n    <td width="15" valign="top" height="34" style="border: solid #010101 1px;">\r\n    <div align="left"><font face="Arial" color="#010101"><span style="font-size:10pt">13</span></font><font color="#010101"></font></div>\r\n    </td>\r\n    <td width="213" valign="top" height="34" style="border: solid #010101 1px;">\r\n    <div align="left"><font face="Arial" color="#010101"><span style="font-size:10pt">Sub Domain Hosting URL:</span></font><font color="#010101"></font></div>\r\n    </td>\r\n    <td width="321" valign="top" height="34" style="border: solid #010101 1px;">\r\n    <div align="left"><font face="Arial" color="#010101"><span style="font-size:10pt">Domain name where you allow your customers to \r\n    create </span></font><font color="#010101"></font></div>\r\n    <div align="left"><br>\r\n    </div>\r\n    <font color="#010101">\r\n    </font><div align="left"><font color="#010101"></font><font face="Arial" color="#010101"><span style="font-size:10pt">their store as a subdomain.</span></font><font color="#010101"></font></div>\r\n    </td></tr>\r\n    <tr>\r\n    <td width="15" valign="top" height="30" style="border: solid #010101 1px;">\r\n    <div align="left"><font face="Arial" color="#010101"><span style="font-size:10pt">14</span></font><font color="#010101"></font></div>\r\n    </td>\r\n    <td width="213" valign="top" height="30" style="border: solid #010101 1px;">\r\n    <div align="left"><font face="Arial" color="#010101"><span style="font-size:10pt">Subdomain Sever CPanel</span></font><font color="#010101"></font></div>\r\n    <div align="left"><br>\r\n    </div>\r\n    <font color="#010101">\r\n    </font><div align="left"><font color="#010101"></font><font face="Arial" color="#010101"><span style="font-size:10pt"> User Name:</span></font><font color="#010101"></font></div>\r\n    </td>\r\n    <td width="321" valign="top" height="30" style="border: solid #010101 1px;">\r\n    <div align="left"><font face="Arial" color="#010101"><span style="font-size:10pt">CPANEL Username of the above Subdomain Sever</span></font><font color="#010101"></font></div>\r\n    </td></tr>\r\n    <tr>\r\n    <td width="15" valign="top" height="30" style="border: solid #010101 1px;">\r\n    <div align="left"><font face="Arial" color="#010101"><span style="font-size:10pt">15</span></font><font color="#010101"></font></div>\r\n    </td>\r\n    <td width="213" valign="top" height="30" style="border: solid #010101 1px;">\r\n    <div align="left"><font face="Arial" color="#010101"><span style="font-size:10pt">Subdomain Sever CPanel</span></font><font color="#010101"></font></div>\r\n    <div align="left"><br>\r\n    </div>\r\n    <font color="#010101">\r\n    </font><div align="left"><font color="#010101"></font><font face="Arial" color="#010101"><span style="font-size:10pt"> Password:</span></font><font color="#010101"></font></div>\r\n    </td>\r\n    <td width="321" valign="top" height="30" style="border: solid #010101 1px;">\r\n    <div align="left"><font face="Arial" color="#010101"><span style="font-size:10pt">CPANEL Password of the above Subdomain Sever</span></font><font color="#010101"></font></div>\r\n    </td></tr>\r\n    <tr>\r\n    <td width="15" valign="top" height="32" style="border: solid #010101 1px;">\r\n    <div align="left"><font face="Arial" color="#010101"><span style="font-size:10pt">16</span></font><font color="#010101"></font></div>\r\n    </td>\r\n    <td width="213" valign="top" height="32" style="border: solid #010101 1px;">\r\n    <div align="left"><font face="Arial" color="#010101"><span style="font-size:10pt">Subdomain Sever CPanel</span></font><font color="#010101"></font></div>\r\n    <div align="left"><br>\r\n    </div>\r\n    <font color="#010101">\r\n    </font><div align="left"><font color="#010101"></font><font face="Arial" color="#010101"><span style="font-size:10pt"> Skin</span></font><font color="#010101"></font></div>\r\n    </td>\r\n    <td width="321" valign="top" height="32" style="border: solid #010101 1px;">\r\n    <div align="left"><font face="Arial" color="#010101"><span style="font-size:10pt">CPANEL Skin of the above Subdomain Sever</span></font><font color="#010101"></font></div>\r\n    </td></tr>\r\n    <tr>\r\n    <td width="15" valign="top" height="29" style="border: solid #010101 1px;">\r\n    <div align="left"><font face="Arial" color="#010101"><span style="font-size:10pt">17</span></font><font color="#010101"></font></div>\r\n    </td>\r\n    <td width="213" valign="top" height="29" style="border: solid #010101 1px;">\r\n    <div align="left"><font face="Arial" color="#010101"><span style="font-size:10pt">Control Panel Type </span></font><font color="#010101"></font></div>\r\n    </td>\r\n    <td width="321" valign="top" height="29" style="border: solid #010101 1px;">\r\n    <div align="left"><font face="Arial" color="#010101"><span style="font-size:10pt">The type of the Control Panel of the server, where \r\n    your</span></font><font color="#010101"></font></div>\r\n    <div align="left"><br>\r\n    </div>\r\n    <font color="#010101">\r\n    </font><div align="left"><font color="#010101"></font><font face="Arial" color="#010101"><span style="font-size:10pt"> site is hosted.</span></font><font color="#010101"></font></div>\r\n    </td></tr>\r\n    <tr>\r\n    <td width="15" valign="top" height="32" style="border: solid #010101 1px;">\r\n    <div align="left"><font face="Arial" color="#010101"><span style="font-size:10pt">18</span></font><font color="#010101"></font></div>\r\n    </td>\r\n    <td width="213" valign="top" height="32" style="border: solid #010101 1px;">\r\n    <div align="left"><font face="Arial" color="#010101"><span style="font-size:10pt">Control Panel Scripts Path:</span></font><font color="#010101"></font></div>\r\n    </td>\r\n    <td width="321" valign="top" height="32" style="border: solid #010101 1px;">\r\n    <div align="left"><font face="Arial" color="#010101"><span style="font-size:10pt">Path to the folder where the Control Panel Scripts \r\n    resides. It needs to be entered only when the Control \r\n    Panel is of "CPANEL" type.</span></font><font color="#010101"></font></div>\r\n    </td></tr>\r\n    <tr>\r\n    <td width="15" valign="top" height="35" style="border: solid #010101 1px;">\r\n    <div align="left"><font face="Arial" color="#010101"><span style="font-size:10pt">19</span></font><font color="#010101"></font></div>\r\n    </td>\r\n    <td width="213" valign="top" height="35" style="border: solid #010101 1px;">\r\n    <div align="left"><font face="Arial" color="#010101"><span style="font-size:10pt">Site URL of Secure Server:</span></font><font color="#010101"></font></div>\r\n    </td>\r\n    <td width="321" valign="top" height="35" style="border: solid #010101 1px;">\r\n    <div align="left"><font face="Arial" color="#010101"><span style="font-size:10pt">URL of the secure version of this site. By default it will \r\n    take \'Site URL\' as \'Secure Server URL\' and you can \r\n    change this.</span></font><font color="#010101"></font></div>\r\n    </td></tr>\r\n    <tr>\r\n    <td width="15" valign="top" height="29" style="border: solid #010101 1px;">\r\n    <div align="left"><font face="Arial" color="#010101"><span style="font-size:10pt">20</span></font><font color="#010101"></font></div>\r\n    </td>\r\n    <td width="213" valign="top" height="29" style="border: solid #010101 1px;">\r\n    <div align="left"><font face="Arial" color="#010101"><span style="font-size:10pt">Support creating cart in a</span></font><font color="#010101"></font></div>\r\n    <div align="left"><font face="Arial" color="#010101"><span style="font-size:10pt"> subdomain : &nbsp;&nbsp;&nbsp;&nbsp; &nbsp;&nbsp;&nbsp;&nbsp;</span></font><font color="#010101"></font></div>\r\n    </td>\r\n    <td width="321" valign="top" height="29" style="border: solid #010101 1px;">\r\n    <div align="left"><font face="Arial" color="#010101"><span style="font-size:10pt">Option to support create store as subdomain</span></font><font color="#010101"></font></div>\r\n    </td></tr>\r\n    <tr>\r\n    <td width="15" valign="top" height="30" style="border: solid #010101 1px;">\r\n    <div align="left"><font face="Arial" color="#010101"><span style="font-size:10pt">21</span></font><font color="#010101"></font></div>\r\n    </td>\r\n    <td width="213" valign="top" height="30" style="border: solid #010101 1px;">\r\n    <div align="left"><font face="Arial" color="#010101"><span style="font-size:10pt">Support creating cart in an </span></font><font color="#010101"></font></div>\r\n    <div align="left"><font face="Arial" color="#010101"><span style="font-size:10pt">existing domain:</span></font><font color="#010101"></font></div>\r\n    </td>\r\n    <td width="321" valign="top" height="30" style="border: solid #010101 1px;">\r\n    <div align="left"><font face="Arial" color="#010101"><span style="font-size:10pt">Option to support create store with an existing domain \r\n    name.</span></font><font color="#010101"></font></div>\r\n    </td></tr>\r\n    <tr>\r\n    <td width="15" valign="top" height="32" style="border: solid #010101 1px;">\r\n    <div align="left"><font face="Arial" color="#010101"><span style="font-size:10pt">22</span></font><font color="#010101"></font></div>\r\n    </td>\r\n    <td width="213" valign="top" height="32" style="border: solid #010101 1px;">\r\n    <div align="left"><font face="Arial" color="#010101"><span style="font-size:10pt">Support creating cart in a new \r\n    domain&nbsp; :</span></font><font color="#010101"></font></div>\r\n    <div align="left"><font face="Arial" color="#010101"><span style="font-size:10pt">&nbsp;&nbsp;&nbsp;&nbsp;</span></font><font color="#010101"></font></div>\r\n    </td>\r\n    <td width="321" valign="top" height="32" style="border: solid #010101 1px;">\r\n    <div align="left"><font face="Arial" color="#010101"><span style="font-size:10pt">Option to support create store by registering a new \r\n    domain name.</span></font><font color="#010101"></font></div>\r\n    </td></tr>\r\n    <tr>\r\n    <td width="15" valign="top" height="32" style="border: solid #010101 1px;">\r\n    <div align="left"><font face="Arial" color="#010101"><span style="font-size:10pt">23</span></font><font color="#010101"></font></div>\r\n    </td>\r\n    <td width="213" valign="top" height="32" style="border: solid #010101 1px;">\r\n    <div align="left"><font face="Arial" color="#010101"><span style="font-size:10pt">Enable PayPal:&nbsp; &nbsp;&nbsp;&nbsp;&nbsp;</span></font><font color="#010101"></font></div>\r\n    </td>\r\n    <td width="321" valign="top" height="32" style="border: solid #010101 1px;">\r\n    <div align="left"><font face="Arial" color="#010101"><span style="font-size:10pt">Decide wheather to enable paypal or not.</span></font><font color="#010101"></font></div>\r\n    </td></tr>\r\n    <tr>\r\n    <td width="15" valign="top" height="33" style="border: solid #010101 1px;">\r\n    <div align="left"><font face="Arial" color="#010101"><span style="font-size:10pt">24</span></font><font color="#010101"></font></div>\r\n    </td>\r\n    <td width="213" valign="top" height="33" style="border: solid #010101 1px;">\r\n    <div align="left"><font face="Arial" color="#010101"><span style="font-size:10pt">Paypal Email Address:&nbsp; &nbsp;&nbsp;&nbsp;&nbsp;</span></font><font color="#010101"></font></div>\r\n    </td>\r\n    <td width="321" valign="top" height="33" style="border: solid #010101 1px;">\r\n    <div align="left"><font face="Arial" color="#010101"><span style="font-size:10pt">Paypal Login ID.</span></font><font color="#010101"></font></div>\r\n    </td></tr>\r\n    <tr>\r\n    <td width="15" valign="top" height="35" style="border: solid #010101 1px;">\r\n    <div align="left"><font face="Arial" color="#010101"><span style="font-size:10pt">25</span></font><font color="#010101"></font></div>\r\n    </td>\r\n    <td width="213" valign="top" height="35" style="border: solid #010101 1px;">\r\n    <div align="left"><font face="Arial" color="#010101"><span style="font-size:10pt">Paypal Identity Token:&nbsp; &nbsp;&nbsp;&nbsp;&nbsp;</span></font><font color="#010101"></font></div>\r\n    </td>\r\n    <td width="321" valign="top" height="35" style="border: solid #010101 1px;">\r\n    <div align="left"><font face="Arial" color="#010101"><span style="font-size:10pt">Identity Token issued from Paypal.</span></font><font color="#010101"></font></div>\r\n    </td></tr>\r\n    <tr>\r\n    <td width="15" valign="top" height="33" style="border: solid #010101 1px;">\r\n    <div align="left"><font face="Arial" color="#010101"><span style="font-size:10pt">26</span></font><font color="#010101"></font></div>\r\n    </td>\r\n    <td width="213" valign="top" height="33" style="border: solid #010101 1px;">\r\n    <div align="left"><font face="Arial" color="#010101"><span style="font-size:10pt">Payment Gateway:&nbsp; &nbsp;&nbsp;&nbsp;&nbsp;</span></font><font color="#010101"></font></div>\r\n    </td>\r\n    <td width="321" valign="top" height="33" style="border: solid #010101 1px;">\r\n    <div align="left"><font face="Arial" color="#010101"><span style="font-size:10pt">Decide which payment gateway needed.</span></font><font color="#010101"></font></div>\r\n    </td></tr>\r\n    <tr>\r\n    <td width="15" valign="top" height="30" style="border: solid #010101 1px;">\r\n    <div align="left"><font face="Arial" color="#010101"><span style="font-size:10pt">27</span></font><font color="#010101"></font></div>\r\n    </td>\r\n    <td width="213" valign="top" height="30" style="border: solid #010101 1px;">\r\n    <div align="left"><font face="Arial" color="#010101"><span style="font-size:10pt">Authorize.net Login Id:</span></font><font color="#010101"></font></div>\r\n    </td>\r\n    <td width="321" valign="top" height="30" style="border: solid #010101 1px;">\r\n    <div align="left"><font face="Arial" color="#010101"><span style="font-size:10pt">Your Login ID with the authorize.net payment \r\n    gateway.</span></font><font color="#010101"></font></div>\r\n    </td></tr>\r\n    <tr>\r\n    <td width="15" valign="top" height="29" style="border: solid #010101 1px;">\r\n    <div align="left"><font face="Arial" color="#010101"><span style="font-size:10pt">28</span></font><font color="#010101"></font></div>\r\n    </td>\r\n    <td width="213" valign="top" height="29" style="border: solid #010101 1px;">\r\n    <div align="left"><font face="Arial" color="#010101"><span style="font-size:10pt">Authorize.net Password:</span></font><font color="#010101"></font></div>\r\n    </td>\r\n    <td width="321" valign="top" height="29" style="border: solid #010101 1px;">\r\n    <div align="left"><font face="Arial" color="#010101"><span style="font-size:10pt">Authorize.net account\'s password.</span></font><font color="#010101"></font></div>\r\n    </td></tr>\r\n    <tr>\r\n    <td width="15" valign="top" height="32" style="border: solid #010101 1px;">\r\n    <div align="left"><font face="Arial" color="#010101"><span style="font-size:10pt">29</span></font><font color="#010101"></font></div>\r\n    </td>\r\n    <td width="213" valign="top" height="32" style="border: solid #010101 1px;">\r\n    <div align="left"><font face="Arial" color="#010101"><span style="font-size:10pt">Authorize.net Transaction Key:</span></font><font color="#010101"></font></div>\r\n    </td>\r\n    <td width="321" valign="top" height="32" style="border: solid #010101 1px;">\r\n    <div align="left"><font face="Arial" color="#010101"><span style="font-size:10pt">Your transaction key with the Authorize.net account.</span></font><font color="#010101"></font></div>\r\n    </td></tr>\r\n    <tr>\r\n    <td width="15" valign="top" height="34" style="border: solid #010101 1px;">\r\n    <div align="left"><font face="Arial" color="#010101"><span style="font-size:10pt">30</span></font><font color="#010101"></font></div>\r\n    </td>\r\n    <td width="213" valign="top" height="34" style="border: solid #010101 1px;">\r\n    <div align="left"><font face="Arial" color="#010101"><span style="font-size:10pt">Authorize.net Merchant Email:</span></font><font color="#010101"></font></div>\r\n    </td>\r\n    <td width="321" valign="top" height="34" style="border: solid #010101 1px;">\r\n    <div align="left"><font face="Arial" color="#010101"><span style="font-size:10pt">Your email address with the Authorize.net account.</span></font><font color="#010101"></font></div>\r\n    </td></tr>\r\n    <tr>\r\n    <td width="15" valign="top" height="34" style="border: solid #010101 1px;">\r\n    <div align="left"><font face="Arial" color="#010101"><span style="font-size:10pt">31</span></font><font color="#010101"></font></div>\r\n    </td>\r\n    <td width="213" valign="top" height="34" style="border: solid #010101 1px;">\r\n    <div align="left"><font face="Arial" color="#010101"><span style="font-size:10pt">Site Logo:</span></font><font color="#010101"></font></div>\r\n    </td>\r\n    <td width="321" valign="top" height="34" style="border: solid #010101 1px;">\r\n    <div align="left"><font face="Arial" color="#010101"><span style="font-size:10pt">Logo of your site, it will be better if you upload a \r\n    transparent background logo.</span></font><font color="#010101"></font></div>\r\n    </td></tr>\r\n    <tr>\r\n    <td width="15" valign="top" height="30" style="border: solid #010101 1px;">\r\n    <div align="left"><font face="Arial" color="#010101"><span style="font-size:10pt">32</span></font><font color="#010101"></font></div>\r\n    </td>\r\n    <td width="213" valign="top" height="30" style="border: solid #010101 1px;">\r\n    <div align="left"><font face="Arial" color="#010101"><span style="font-size:10pt">Center HTML Part of User</span></font><font color="#010101"></font></div>\r\n    <div align="left"><br>\r\n    </div>\r\n    <font color="#010101">\r\n    </font><div align="left"><font color="#010101"></font><font face="Arial" color="#010101"><span style="font-size:10pt"> Side of the Site </span></font><font color="#010101"></font></div>\r\n    </td>\r\n    <td width="321" valign="top" height="30" style="border: solid #010101 1px;">\r\n    <div align="left"><font face="Arial" color="#010101"><span style="font-size:10pt">Content for the home page of your website.</span></font><font color="#010101"></font></div>\r\n    </td></tr>\r\n    <tr>\r\n    <td width="15" valign="top" height="29" style="border: solid #010101 1px;">\r\n    <div align="left"><font face="Arial" color="#010101"><span style="font-size:10pt">33</span></font><font color="#010101"></font></div>\r\n    </td>\r\n    <td width="213" valign="top" height="29" style="border: solid #010101 1px;">\r\n    <div align="left"><font face="Arial" color="#010101"><span style="font-size:10pt">Enable About Us </span></font><font color="#010101"></font></div>\r\n    </td>\r\n    <td width="321" valign="top" height="29" style="border: solid #010101 1px;">\r\n    <div align="left"><font face="Arial" color="#010101"><span style="font-size:10pt">Option to show or hide about us page in your site.</span></font><font color="#010101"></font></div>\r\n    </td></tr>\r\n    <tr>\r\n    <td width="15" valign="top" height="34" style="border: solid #010101 1px;">\r\n    <div align="left"><font face="Arial" color="#010101"><span style="font-size:10pt">34</span></font><font color="#010101"></font></div>\r\n    </td>\r\n    <td width="213" valign="top" height="34" style="border: solid #010101 1px;">\r\n    <div align="left"><font face="Arial" color="#010101"><span style="font-size:10pt">About Us Page</span></font><font color="#010101"></font></div>\r\n    </td>\r\n    <td width="321" valign="top" height="34" style="border: solid #010101 1px;">\r\n    <div align="left"><font face="Arial" color="#010101"><span style="font-size:10pt">Content For the about us page.</span></font><font color="#010101"></font></div>\r\n    </td></tr>\r\n    <tr>\r\n    <td width="15" valign="top" height="34" style="border: solid #010101 1px;">\r\n    <div align="left"><font face="Arial" color="#010101"><span style="font-size:10pt">35</span></font><font color="#010101"></font></div>\r\n    </td>\r\n    <td width="213" valign="top" height="34" style="border: solid #010101 1px;">\r\n    <div align="left"><font face="Arial" color="#010101"><span style="font-size:10pt">Price of Domain Registration Plan:</span></font><font color="#010101"></font></div>\r\n    </td>\r\n    <td width="321" valign="top" height="34" style="border: solid #010101 1px;">\r\n    <div align="left"><font face="Arial" color="#010101"><span style="font-size:10pt">Price for domain registration</span></font><font color="#010101"></font></div>\r\n    </td></tr>\r\n    <tr>\r\n    <td width="15" valign="top" height="39" style="border: solid #010101 1px;">\r\n    <div align="left"><font face="Arial" color="#010101"><span style="font-size:10pt">36</span></font><font color="#010101"></font></div>\r\n    </td>\r\n    <td width="213" valign="top" height="39" style="border: solid #010101 1px;">\r\n    <div align="left"><font face="Arial" color="#010101"><span style="font-size:10pt">Price of Domain Renewal Plan:</span></font><font color="#010101"></font></div>\r\n    </td>\r\n    <td width="321" valign="top" height="39" style="border: solid #010101 1px;">\r\n    <div align="left"><font face="Arial" color="#010101"><span style="font-size:10pt">Cost for renewing a domain in the site.</span></font><font color="#010101"></font></div>\r\n    </td></tr>\r\n    <tr>\r\n    <td width="15" valign="top" height="35" style="border: solid #010101 1px;">\r\n    <div align="left"><font face="Arial" color="#010101"><span style="font-size:10pt">37</span></font><font color="#010101"></font></div>\r\n    </td>\r\n    <td width="213" valign="top" height="35" style="border: solid #010101 1px;">\r\n    <div align="left"><font face="Arial" color="#010101"><span style="font-size:10pt">Name Server 1 - 4:</span></font><font color="#010101"></font></div>\r\n    </td>\r\n    <td width="321" valign="top" height="35" style="border: solid #010101 1px;">\r\n    <div align="left"><font face="Arial" color="#010101"><span style="font-size:10pt">Name servers, if you enable hosting service. If you \r\n    enable hosting service, there name servers will get \r\n    added to all domains that are registered, transfered \r\n    and renewed in the site.</span></font><font color="#010101"></font></div>\r\n    </td></tr>\r\n    <tr>\r\n    <td width="15" valign="top" height="31" style="border: solid #010101 1px;">\r\n    <div align="left"><font face="Arial" color="#010101"><span style="font-size:10pt">38</span></font><font color="#010101"></font></div>\r\n    </td>\r\n    <td width="213" valign="top" height="31" style="border: solid #010101 1px;">\r\n    <div align="left"><font face="Arial" color="#010101"><span style="font-size:10pt">Administrator Password Settings:</span></font><font color="#010101"></font></div>\r\n    </td>\r\n    <td width="321" valign="top" height="31" style="border: solid #010101 1px;">\r\n    <div align="left"><font face="Arial" color="#010101"><span style="font-size:10pt">Gives the option to change the password of \r\n    administrator of the site.</span></font><font color="#010101"></font></div>\r\n    </td></tr>\r\n    <tr>\r\n    <td width="15" valign="top" height="35" style="border: solid #010101 1px;">\r\n    <div align="left">&nbsp;<font color="#010101"></font></div>\r\n    </td>\r\n    <td width="213" valign="top" height="35" style="border: solid #010101 1px;">\r\n    <div align="left">&nbsp;<font color="#010101"></font></div>\r\n    </td>\r\n    <td width="321" valign="top" height="35" style="border: solid #010101 1px;">\r\n    <div align="left">&nbsp;<font color="#010101"></font></div>\r\n    </td></tr>\r\n    <tr>\r\n    <td width="15" valign="top" height="36" style="border: solid #010101 1px;">\r\n    <div align="left">&nbsp;<font color="#010101"></font></div>\r\n    </td>\r\n    <td width="213" valign="top" height="36" style="border: solid #010101 1px;">\r\n    <div align="left">&nbsp;<font color="#010101"></font></div>\r\n    </td>\r\n    <td width="321" valign="top" height="36" style="border: solid #010101 1px;">\r\n    <div align="left">&nbsp;<font color="#010101"></font></div>\r\n    </td></tr></tbody></table>', 'Admin', 'Active'),
	(10, 'Trial', 'This is strial..<br>', 'Admin', 'Active'),
	(12, 'fgdgg', '&#160;fgfdg', 'Admin', 'Active');

INSERT IGNORE INTO `goStores_module` (`nMId`, `vModuleName`, `vDescription`, `dLastModifiedDate`, `nStatus`) VALUES
	(1, 'Products', 'Products', '2012-09-27 22:38:49', 1),
	(2, 'Role Management', 'Role Managements', '2012-09-14 09:05:11', 1),
	(3, 'Module Management', 'Module Management', '2012-08-24 05:02:37', 1),
	(4, 'Users', 'Users', '2012-08-24 05:30:08', 1),
	(5, 'Invoices', 'Invoices', '2012-09-27 22:38:21', 1),
	(6, 'Reports', 'Reports', '2012-08-23 07:03:42', 1),
	(7, 'Contents', 'Contents', '2012-08-23 07:03:42', 1),
	(8, 'Sales', 'aaa1111\\\'s', '2012-09-18 07:14:55', 1),
	(9, 'Coupons', 'Coupon Management', '2012-09-27 22:37:22', 1),
	(10, 'Service Category', 'Service Category', '2012-09-28 03:53:40', 1),
	(11, 'Settings', 'Settings', '2012-09-18 09:26:01', 1),
	(12, 'Testing module', 'testing module description', '2012-09-10 01:25:48', 2),
	(13, 'test1', '', '2012-09-27 09:20:09', 0),
	(14, 'test2', '', '2012-09-27 09:20:09', 0);

INSERT IGNORE INTO `goStores_newsletters` (`nNLId`, `vName`, `vEmail`, `dDateofSubscription`, `dLastSent`, `nSubscriptionStatus`) VALUES
	(1, 'vjiay', 'test@armia.com', '2012-09-06 04:20:11', '0000-00-00 00:00:00', 1),
	(2, 'vjiay', 'test@armia.com', '2012-09-06 04:20:14', '0000-00-00 00:00:00', 1),
	(3, 'vjiay', 'test@armia.com', '2012-09-06 04:54:25', '0000-00-00 00:00:00', 1),
	(4, 'rajath', 'raj@armiasys.com', '2012-09-06 07:23:34', '0000-00-00 00:00:00', 1),
	(5, 'meena', 'meena@er.com', '2012-09-06 07:39:37', '0000-00-00 00:00:00', 1),
	(6, 'rk', 'rk@er.com', '2012-09-06 07:39:58', '0000-00-00 00:00:00', 1),
	(7, 'as', 'as@as.com', '2012-09-06 07:55:08', '0000-00-00 00:00:00', 1),
	(8, 'as', 'test@armia1.com', '2012-09-06 07:56:37', '0000-00-00 00:00:00', 1),
	(9, 'vxcv', 'xcv', '2012-09-11 01:07:51', '0000-00-00 00:00:00', 1),
	(10, 'sdffsdf', 'sdfsdf', '2012-09-11 05:35:26', '0000-00-00 00:00:00', 1),
	(11, 'dfghdf', 'fdgh', '2012-09-20 02:08:18', '0000-00-00 00:00:00', 1),
	(12, 'sanoj', 'sanoj.k@armiasystems.com', '2012-09-20 02:19:24', '0000-00-00 00:00:00', 1),
	(13, 'jpu', 'yoyo', '2012-09-21 06:23:10', '0000-00-00 00:00:00', 1),
	(14, 'jpu', 'yoyouiyi', '2012-09-21 06:23:36', '0000-00-00 00:00:00', 1),
	(15, 'jpu', 'tyutu', '2012-09-21 06:23:44', '0000-00-00 00:00:00', 1),
	(16, 'fgh', '', '2012-09-21 06:28:42', '0000-00-00 00:00:00', 1),
	(17, 'krishna', 'krishna.p@armiasystems.com', '2012-09-26 01:43:02', '0000-00-00 00:00:00', 1),
	(18, 'krishna', 'krishna.p1@armiasystems.com', '2012-09-26 01:44:52', '0000-00-00 00:00:00', 1),
	(19, 'krishna', 'krishna.p2@armiasystems.com', '2012-09-26 01:45:10', '0000-00-00 00:00:00', 1);

INSERT IGNORE INTO `goStores_PaidTemplates` (`nTemplateId`, `vTemplateName`, `vDescription`, `nCost`, `vTemplateZipId`, `vHomeScreenshotId`, `vInnerScreenshot1Id`, `vInnerScreenshot2Id`, `vActive`) VALUES
	(4, 'Template 4', 'This design is optimized for maximum sales performance. Sporting a modern look, traveling navigation bar, and many more additional features.', 0.00, 806, 1029, 1058, 1059, '1'),
	(5, 'Template 5', 'This templates responsive and clean design will catch your customers interest. Easy to navigate and loads fast. Perfect for drop shipping', 0.00, 810, 1049, 1050, 1051, '1'),
	(1, 'Template 1', 'This minimalist design is easy and intuitive for your customers. Numerous color options. Grid design style.', 0.00, 814, 1026, 1052, 1053, '1'),
	(2, 'Template 2', 'This template is designed to highlight products as well as makes use of space for ad space, additional banners, etc.', 0.00, 818, 1027, 1054, 1055, '1'),
	(6, 'Template 6', 'This templates responsive and clean design will catch your customers interest. Easy to navigate and loads fast. Perfect for drop shipping', 0.00, 858, 1031, 1060, 1061, '1'),
	(3, 'Template 3', 'This templates responsive and clean design will catch your customers interest. Easy to navigate and loads fast. Perfect for drop shipping\r\n', 0.00, 929, 1028, 1056, 1057, '1');

INSERT IGNORE INTO `goStores_permission` (`nId`, `nRid`, `vPermission`, `dCreatedOn`, `dLastUpdated`) VALUES
	(1, 1, '1,2,3,4,5,6,7,9,10,11', '2012-09-18 09:28:58', '2012-09-18 04:33:51'),
	(5, 4, '4,5,6,7,9', '2012-09-27 03:44:55', '2012-09-27 03:44:55'),
	(4, 3, '4,5,6,7', '2012-09-27 03:44:26', '2012-09-27 03:44:26'),
	(6, 5, '', '2012-08-24 04:23:07', '2012-08-24 04:23:07'),
	(7, 6, '', '2012-08-24 04:27:53', '2012-08-24 04:27:53'),
	(8, 7, '1,2,3,4,5,6,7,10', '2012-09-28 04:04:46', '2012-09-28 04:04:46'),
	(9, 8, '1,6,7,10,11', '2012-09-18 03:11:19', '2012-09-18 03:11:19'),
	(10, 2, '2,3', '2012-09-27 03:43:39', '2012-09-27 03:43:39'),
	(11, 9, '1,2,3', '2012-09-19 23:46:06', '2012-09-19 23:46:06');

INSERT IGNORE INTO `goStores_planpackages` (`nPPId`, `nPlanId`, `vDescription`, `nPlanAmount`, `dCreatedOn`, `nStatus`, `nDeleteStatus`) VALUES
	(1, 1, 'Free Trial for Product', 50, '2012-09-06 06:59:34', 0, 0),
	(2, 2, 'Discount Pack', 30, '2012-09-11 05:35:12', 1, 0);

INSERT IGNORE INTO `goStores_planpurchasecategories` (`nId`, `vCategory`, `vDescription`, `vOrderofDisplay`, `dCreatedOn`, `nStatus`) VALUES
	(1, 'Seo for websites', 'Seo for websites', NULL, '2012-09-05', 1);

INSERT IGNORE INTO `goStores_planpurchasecategorydetails` (`nId`, `nPlanPurchaseCategoryId`, `vDescription`, `nAmount`, `nIsMandatory`, `dCreatedOn`, `nStatus`) VALUES
	(1, 1, 'For few pages', 25, 0, '2012-09-05', 1);

INSERT IGNORE INTO `goStores_plans` (`nPlanId`, `vPlanName`, `vDescription`, `dCreatedOn`, `nStatus`, `nDeleteStatus`) VALUES
	(1, 'Free Trial', 'Free Trial', '2012-09-05 02:48:55', 1, 0),
	(2, 'Diamond', 'Diamond', '2012-09-04 07:44:02', 1, 0),
	(3, 'Paltinum', 'Paltinum', '2012-09-05 00:01:04', 0, 0),
	(4, 'Gold', 'Gold', '2012-09-05 00:03:56', 1, 0),
	(5, 'Silver', 'Silver', '2012-09-04 07:44:39', 1, 0),
	(6, 'Test plan', 'test plan description', '2012-09-10 01:27:46', 0, 0);

INSERT INTO `goStores_productpermission` (`nPId`, `vPermissions`) VALUES (1, 'app/webroot/img/products/,app/webroot/img/csv/,app/webroot/img/SiteLogo_disp.gif,app/webroot/img/SiteLogo.jpg,app/webroot/img/products/SiteLogo.png,app/webroot/templates/atzshop/img/ads/,app/webroot/templates/atzshop/img/banners/,app/webroot/templates/linea/img/ads/,app/webroot/templates/linea/img/banners/,app/webroot/templates/rapidshop/img/ads/,app/webroot/templates/rapidshop/img/banners/,app/webroot/templates/autima/img/ads/,app/webroot/templates/autima/img/banners/,app/webroot/templates/ruger/img/ads/,\r\napp/webroot/templates/ruger/img/banners/,app/webroot/templates/vistacart/img/ads/,app/webroot/templates/vistacart/img/banners/,app/tmp/cache/,app/tmp/cache/models/,app/tmp/cache/persistent/,app/tmp/,app/tmp/logs/,app/tmp/sessions/,app/webroot/img/,app/webroot/css/,app/Controller/Component/pple.xml,app/Config/database.php,app/webroot/config.php\r\n');


INSERT IGNORE INTO `goStores_productreleases` (`nPRId`, `nPId`, `vVersion`, `dLastUpdated`) VALUES
	(1, 1, 'multicart2.4', '2012-09-06 07:27:15'),
	(4, 5, '3.0', '2012-09-18 06:43:50'),
	(5, 6, '1.2', '2012-09-18 06:46:44'),
	(6, 7, '3.0', '2012-09-18 07:01:30'),
	(8, 9, '1.2', '2012-09-19 04:59:42'),
	(9, 10, '2.5', '2012-09-19 08:38:09'),
	(15, 16, '', '2012-09-20 02:07:08'),
	(16, 17, '', '2012-09-20 02:10:07'),
	(17, 18, '', '2012-09-20 02:10:44'),
	(18, 19, '1', '2012-09-20 03:05:27'),
	(19, 20, '1', '2012-09-20 03:11:30'),
	(20, 21, '1', '2012-09-20 03:17:27'),
	(21, 22, '', '2012-09-20 03:41:41'),
	(22, 23, '1.2', '2012-09-20 03:48:41'),
	(23, 24, '', '2012-09-20 04:15:11'),
	(24, 25, '', '2012-09-20 04:18:55'),
	(25, 26, '', '2012-09-20 04:20:03'),
	(42, 43, '1.0.2', '2012-10-01 02:01:21'),
	(43, 44, '1.2.3', '2012-10-01 04:46:50');

INSERT IGNORE INTO `goStores_Products` (`nPId`, `vPName`, `vProductCaption`, `vProductPack`, `vProductlogoSmall`, `vProductlogo`, `vProductDescription`, `vProductScreens`, `dLastUpdated`, `nPRId`, `nStatus`) VALUES
	(2, 'eSwap', 'eSwap', NULL, NULL, NULL, 'Updated', NULL, '2012-09-28 04:51:27', 1, 1),
	(44, 'test_3', 'Test _3', 'test_3_1.2.3_.zip', 'test_3_small_disp.gif', 'test_3_main_disp.gif', '', 'test_3_scr_disp.gif', '2012-10-01 04:46:50', 43, 1),
	(3, 'Socialware', 'Social Networking Site', 'socialware3.0.zip', 'Socialware_small_disp.gif', 'Socialware_main_disp.gif', 'Social Networking Sites', 'Socialware_small_disp.gif', '2012-09-27 22:46:12', 4, 1),
	(43, 'test', 'Test', 'test_1.0.2_.zip', 'test_small_disp.gif', 'test_main_disp.gif', '', 'test_scr_disp.gif', '2012-10-01 02:01:21', 42, 1),
	(1, 'Vistacart', 'Online shopping Cart', 'vistacart.zip', 'Socialware_small_disp.gif', 'Socialware_main_disp.gif', 'Social Networking Sites', 'Socialware_small_disp.gif', '2019-05-28 02:32:41', 4, 1);

INSERT IGNORE INTO `goStores_productservicefeatures` (`nProductServiceId`, `nServiceFeatureId`, `vFeatureValue`) VALUES
	(1, 1, '2 GB'),
	(1, 2, '2 GB'),
	(1, 3, 'Unlimited email accounts'),
	(1, 4, '24x7 support'),
	(1, 5, '99.5 uptime'),
	(2, 5, ''),
	(2, 4, '24x7 support'),
	(2, 3, 'Unlimited email accounts'),
	(2, 2, '2 GB'),
	(2, 1, '2 GB'),
	(10, 2, 'test1'),
	(11, 2, 'test1'),
	(4, 2, 'test1'),
	(4, 1, '24x7 support'),
	(5, 5, '99.5 uptime'),
	(5, 4, '24x7 support'),
	(5, 3, 'Unlimited email accounts'),
	(5, 2, '2 GB'),
	(5, 1, '2 GB'),
	(6, 5, '99.5 uptime'),
	(6, 4, '24x7 support'),
	(6, 3, 'Unlimited email accounts'),
	(6, 2, '2 GB'),
	(6, 1, '2 GB'),
	(7, 1, '2 GB'),
	(7, 2, '2 GB'),
	(7, 3, 'Unlimited email accounts'),
	(7, 4, '24x7 support'),
	(7, 5, ''),
	(8, 1, '2 GB'),
	(8, 2, '2 GB'),
	(8, 3, 'Unlimited email accounts'),
	(8, 4, '24x7 support'),
	(8, 5, ''),
	(9, 1, '2 GB'),
	(9, 2, '2 GB'),
	(9, 3, 'Unlimited email accounts'),
	(9, 4, '24x7 support'),
	(9, 5, ''),
	(10, 1, '24x7 support'),
	(3, 1, '24x7 support'),
	(14, 3, 'dfgdfg'),
	(12, 1, '2 GB'),
	(12, 2, '2 GB'),
	(12, 3, 'Unlimited email accounts'),
	(12, 4, '24x6 support'),
	(12, 7, '1211'),
	(13, 1, '2 GB'),
	(13, 2, '2 GB'),
	(13, 3, 'Unlimited email accounts'),
	(13, 4, '24x6 support'),
	(13, 7, '1211'),
	(11, 1, '24x7 support'),
	(14, 2, 'test1'),
	(14, 1, '24x7 support'),
	(15, 1, '24x7 support'),
	(15, 2, 'test1'),
	(15, 3, 'dfgdfg');


INSERT IGNORE INTO `goStores_ProductServices` (`nServiceId`, `vServiceName`, `vServiceDescription`, `nSCatId`, `nPId`, `price`, `nQty`, `vType`, `vBillingInterval`, `nBillingDuration`, `nStatus`, `dLastUpdated`) VALUES
	(1, 'Free Trial', '', 1, 1, 0.00, 0, 'free', 'M', 14, 1, '2019-07-25 00:37:49'),
	(2, '1 Month', '', 1, 1, 170.00, 2000, 'paid', 'M', 30, 1, '2019-09-20 14:27:05'),
	(3, '3 Month', '', 1, 1, 459.99, 5000, 'paid', 'M', 90, 1, '2019-09-20 14:27:14'),
	(4, '6 Month', '', 1, 1, 819.99, 0, 'paid', 'M', 180, 1, '2019-07-25 00:37:58'),
	(5, '1 Year', '', 1, 1, 1439.99, 0, 'paid', 'Y', 1, 1, '2019-07-25 00:38:01');


INSERT IGNORE INTO `goStores_role` (`nRid`, `vRoleName`, `nStatus`, `dCreatedOn`) VALUES
	(1, 'Super Admin', 1, '2012-09-27 02:33:52'),
	(2, 'Marketing Manager', 0, '2012-08-24 05:14:15'),
	(3, 'Business Analyst1', 1, '2012-09-27 03:44:26'),
	(4, 'Admin', 1, '2012-09-13 05:40:33'),
	(7, 'System Engineer', 0, '2012-09-27 02:29:55'),
	(8, 'test', 0, '2012-09-18 07:41:05'),
	(9, 'test1', 1, '2012-09-19 23:44:43'),
	(10, 'test2', 0, '2012-09-27 09:39:58'),
	(11, 'test3', 0, '2012-09-27 09:40:03');

INSERT IGNORE INTO `goStores_ServiceCategories` (`nSCatId`, `vCategory`, `vDescription`, `vInputType`, `vOrderofDisplay`, `dCreatedOn`, `nStatus`) VALUES
	(1, 'Domain Registration', 'Domain Registration', 'C', NULL, '2012-09-14', 1),
	(2, 'License Plans', 'License Plans', 'C', NULL, '2012-09-14', 1),
	(3, 'Professional Installation Service', 'Professional Installation Service', 'C', NULL, '2012-09-14', 1),
	(4, 'Support Options', 'Support Options', 'C', NULL, '2012-09-14', 1),
	(5, 'Copyright Removal License', 'Copyright Removal License', 'C', NULL, '2012-09-14', 0),
	(6, 'Product Purchase', 'Product Purchase', 'C', NULL, '2012-09-14', 1),
	(7, 'Graphic Design Service', 'Graphic Design Service', 'R', NULL, '2012-09-14', 1),
	(8, 'Support Upgrade', 'Support Upgrade', 'C', NULL, '2012-09-14', 1),
	(9, 'Product Upgrade', 'Product Upgrade', 'C', NULL, '2012-09-14', 1),
	(10, 'Free Product Upgrade', 'Free Product Upgrade', 'C', NULL, '2012-09-14', 1),
	(12, 'Product Upgrade1', 'hh\\\'g', 'C', NULL, '2012-09-18', 1),
	(14, 'test1', '', 'C', NULL, NULL, 0),
	(15, 'test2', '', 'C', NULL, NULL, 0),
	(16, 'test3', '', 'C', NULL, NULL, 0),
	(17, 'test4', '', 'C', NULL, NULL, 0);

INSERT IGNORE INTO `goStores_ServiceFeatures` (`nFeatureId`, `tFeatureName`, `tValue`, `eStatus`) VALUES
	(1, 'Ready-To-Go Store Designs', 'Premium', 'Active'),
	(2, 'Premium Hosting', 'Yes', 'Active'),
	(3, 'Full Featured Shopping Cart', 'Yes', 'Active'),
	(4, 'Credit Card Payment', 'Yes', 'Active');


INSERT IGNORE INTO `goStores_Settings` (`settingfield`, `settinglabel`, `value`, `groupLabel`, `type`, `fieldOrder`, `helpText`) VALUES
	('siteName', 'Site Name', 'localhost', 'General', '', 0, 'Name your site. This name is the website title. This will be visible to users within the browser tab. Try to use keywords describing your site to help visitors understand your page quickly.'),
	('siteTitle', 'Site Title', 'localhost', 'General', '', 0, 'The contents of this field will appear in several places including the title of the website.'),
	('secureURL', 'Secure URL', '', 'General', '', 0, 'This is for SSL certificates only. This information is provided by your hosting company.'),
	('adminEmail', 'Admin Email', 'anoop.v@armiasystems.com', 'General', '', 0, 'This is the email where all site notifications, alerts and approvals will be sent.'),
	('siteLogo', 'Site Logo', '1063', '', '', 0, 'This is where you can change the logo of the site. Click Browse? to upload a file saved on your computer.'),
	('enablesiteBanner', 'Enablesite Banner', 'N', 'General', '', 0, NULL),
	('siteBanner', 'Site Banner', 'mainbanner_disp.gif', 'General', '', 0, NULL),
	('metaKeywords', 'Meta Keywords', 'Iscripts Gostores', 'General', 'textarea', 0, 'Meta Keywords, or tags, are additional copy included in your website\'s HTML.<br>(1)keep your list of keywords or keyword phrases down to 10 - 15 unique words or phrases;<br> (2) separate the words or phrases using a comma (you do not need to leave a space between words separated by commas); <br>(3) do not repeat words or phrases; <br>(4) put your most important word or phrases at the beginning of your list.'),
	('metaDescription', 'Meta Description', 'Shopping Cart', 'General', 'textarea', 0, 'The meta description is a meta tag that is used to describe the current Web page. It provides a short summary of the page so that readers can decide whether the page is what they are looking for or looks interesting.'),
	('enableGoogleAdsense', 'Enable Google Adsense', 'Y', 'General', 'checkbox', 0, 'Enable this if you have a Google AdSense account. '),
	('googleAdsense', 'Google Adsense', '<!-- Inout Adserver Ultimate - ad code starts -->\r\n<span id="show_ads_90fd56f5612669d8c22ca3fa464a8ad7_6302"></span>\r\n<script language="javascript" type="text/javascript" src="http://www.inoutdemo.com/inout_adserver_ultimate/show-ads.js"></script>\r\n<script language="javascript">\r\nif (window.ads_90fd56f5612669d8c22ca3fa464a8ad7 ){ ads_90fd56f5612669d8c22ca3fa464a8ad7+= 1;}else{ ads_90fd56f5612669d8c22ca3fa464a8ad7 =1;}\r\nads_90fd56f5612669d8c22ca3fa464a8ad7_6302=ads_90fd56f5612669d8c22ca3fa464a8ad7;\r\ntimer_90fd56f5612669d8c22ca3fa464a8ad76302=window.setInterval(function(){\r\nif(window.gc4ca4238a0b923820dcc509a6f75849b){\r\nsetTimeout("showAdsforContent(6302,468,60,\'http://www.inoutdemo.com/inout_adserver_ultimate/publisher-show-ads.php\',"+ads_90fd56f5612669d8c22ca3fa464a8ad7_6302+",\'ads_90fd56f5612669d8c22ca3fa464a8ad7\')",1000*(ads_90fd56f5612669d8c22ca3fa464a8ad7_6302 -1));\r\nwindow.clearInterval(timer_90fd56f5612669d8c22ca3fa464a8ad76302);}},100);\r\nads_90fd56f5612669d8c22ca3fa464a8ad7_6302_position=0;\r\n</script>\r\n<!-- Inout Adserver Ultimate - ad code  ends -->\r\n', 'General', 'textarea', 0, 'If you have an AdSense account, enter your code here for analytics purposes.'),
	('site_operation_park_domain', 'Temporary URLs', 'N', 'Server Settings', 'radio', 0, 'If you have chosen \'Yes\', please configure your server setings to \'Allow users to park subdomains/domains of the server\'s hostname\''),
	('domain', '', NULL, '', '', 0, NULL),
	('site_operation_mode', 'Site Operation Mode', 'S', 'Server Settings', 'radio', 0, 'Choose the option \'single server\' if your website and store installations are \r\n\r\nin same server else \'multiple server\''),
	('recaptcha_private_key', 'Recaptcha Private Key', '', 'General', '', 0, 'Enter Recaptcha Private Key'),
	('recaptcha_public_key', 'Recaptcha Public Key', '', 'General', '', 0, 'Enter Recaptcha Public Key'),
	('recaptcha_enable', 'Enable Recaptcha', 'N', 'General', '', 0, 'You can enable / disable recaptcha in site.'),
	('enablepaypal', 'Enable Paypal', 'Y', 'Payment', 'checkbox', 0, NULL),
	('enablepaypalsandbox', 'Paypal Test Mode', 'Y', 'Payment', 'checkbox', 0, NULL),
	('paypalidentitytoken', 'Paypal Identity Token', '', 'Payment', '', 0, NULL),
	('paypalemail', 'Paypal Email', '', 'Payment', '', 0, NULL),
	('paypal_api_username', 'Paypal username', '', 'Payment', '', 0, NULL),
	('paypal_api_password', 'Paypal Password', '', 'Payment', '', 0, NULL),
	('paypal_api_signature', 'Paypal Signature', '', 'Payment', '', 0, NULL),
	('paypal_application_app_id', 'Paypal Application ID', '', 'Payment', '', 0, NULL),
	('authorize_enable', 'Enable Authorize.Net ', 'Y', 'Payment', '', 0, 'Note : Authorize.Net will support only US dollars.'),
	('authorize_loginid', 'Authorize.Net Login Id', '', 'Payment', '', 0, NULL),
	('authorize_transkey', 'Authorize.Net Transaction Key', '', 'Payment', '', 0, NULL),
	('nFeatured_Amount', 'Featured Amount', '5', 'General', '', 0, NULL),
	('authorize_email', 'Authorize.Net Email', '', 'Payment', '', 0, NULL),
	('authorize_test_mode', 'Authorize.Net Test Mode', 'Y', 'Payment', 'checkbox', 0, NULL),
	('admin_currency', 'Currency', 'USD', 'General', '', 0, NULL),
	('currency_symbol', 'Currency Symbol', '$', 'General', '', 0, 'Currency symbol for transaction'),
	('enable_multicurrency', 'Enable Multicurrency', 'N', 'General', 'checkbox', 0, NULL),
	('banner_link', 'Banner Link', '', 'General', '', 0, NULL),
	('googleAnalytics', 'Google Analytics', '', 'General', 'textarea', 0, 'Add Google Analytics code here if you wish to track your site activities'),
	('godaddy_id', 'GoDaddy API Login ID', '', 'Domain Registrar', '', 0, NULL),
	('link', 'Click link to certify your Godaddy account', '', 'Domain Registrar', 'link', 0, NULL),
	('godaddy_password', 'GoDaddy API Password ', '', 'Domain Registrar', '', 0, NULL),
	('godaddy_testmode', 'GoDaddy Test Mode', 'Y', 'Domain Registrar', 'checkbox', 0, NULL),
	('enable_fb', 'Enable Facebook', 'Y', 'Social Settings', 'checkbox', 0, 'Would you like your site linked to Facebook?'),
	('facebookUrl', 'Facebook Link', 'http://www.facebook/test', 'Social Settings', '', 0, NULL),
	('enable_twitter', 'Enable Twitter', 'Y', 'Social Settings', 'checkbox', 0, 'Would you like your site linked to Twitter?'),
	('twitterUrl', 'Twitter Link', 'http://www.twitter/test', 'Social Settings', '', 0, NULL),
	('enable_ln', 'Enable LinkedIn', 'Y', 'Social Settings', 'checkbox', 0, 'Would you like your site linked to LinkedIn?'),
	('linkedInUrl', 'LinkedIn Link', 'http://www.linkedin/test', 'Social Settings', '', 0, NULL),
	('yourpay_pemfile', 'YourPay PEM file', '', 'Payment', '', 0, NULL),
	('twoco_testmode', 'Twocheckout Test Mode', 'Y', 'Payment', 'checkbox', 0, NULL),
	('twoco_vendorId', 'Twocheckout Vendor Id', '', 'Payment', '', 0, NULL),
	('paypalpro_testmode', 'Paypalpro Test Mode', 'Y', 'Payment', 'checkbox', 0, NULL),
	('twoco_enable', 'Enable Twocheckout', 'N', 'Payment', 'checkbox', 0, NULL),
	('paypalpro_password', 'Paypalpro Password', '', 'Payment', '', 0, NULL),
	('paypalpro_enable', 'Enable Paypalpro', 'Y', 'Payment', 'checkbox', 0, NULL),
	('paypalpro_username', 'Paypalpro User Name', '', 'Payment', '', 0, NULL),
	('paypalpro_signature', 'Paypalpro Signature', '', 'Payment', '', 0, NULL),
	('payflow_password', 'Paypalflow Password', '', 'Payment', '', 0, NULL),
	('paypalexpress_testmode', 'Paypal Express Test Mode', 'Y', 'Payment', 'checkbox', 0, NULL),
	('paypalexpress_signature', 'Paypal Express Signature', '', 'Payment', '', 0, NULL),
	('paypalexpress_password', 'Paypal Express Password', '', 'Payment', '', 0, NULL),
	('paypalexpress_username', 'PayPal Express Username', '', 'Payment', '', 0, NULL),
	('paypalexpress_enable', 'Enable Paypal Express', 'N', 'Payment', 'checkbox', 0, NULL),
	('paypaladvanced_password', 'Paypal Advanced Password', '', 'Payment', '', 0, NULL),
	('paypaladvanced_username', 'Paypal Advanced Username', '', 'Payment', '', 0, NULL),
	('paypalflowlink_enable', 'Enable Paypal Flow link', 'N', 'Payment', 'checkbox', 0, NULL),
	('paypalflowlink_partnerid', 'Payflow Link Partner ID', '', 'Payment', '', 0, NULL),
	('paypalflowlink_vendorid', 'Payflow Link Vendor ID', '', 'Payment', '', 0, NULL),
	('paypalflowlink_testmode', 'Payflow Link Test Mode', 'N', 'Payment', 'checkbox', 0, NULL),
	('ogone_enable', 'Enable Ogone', 'N', 'Payment', 'checkbox', 0, NULL),
	('ogone_partnerid', 'Ogone PSPID', '', 'Payment', '', 0, NULL),
	('ogone_vendorid', 'Ogone Passphrase', '', 'Payment', '', 0, NULL),
	('ogone_testmode', 'Ogone Test Mode', 'Y', 'Payment', 'checkbox', 0, NULL),
	('moneybookers_enable', 'Enable Moneybookers', 'N', 'Payment', 'checkbox', 0, NULL),
	('moneybookers_emailid', 'Money Booker Email Id ', '', 'Payment', '', 0, NULL),
	('moneybookers_testmode', 'Money Bookers Test Mode', 'N', 'Payment', 'checkbox', 0, NULL),
	('braintree_enable', 'Enable Braintree', 'N', 'Payment', 'checkbox', 0, NULL),
	('braintree_merchantId', 'Braintree Merchant ID', '', 'Payment', '', 0, NULL),
	('braintree_publickey', 'Braintree Public Key', '', 'Payment', '', 0, NULL),
	('braintree_privatekey', 'Braintree Private Key', '', 'Payment', '', 0, NULL),
	('braintree_testmode', 'Braintree Test Mode', 'Y', 'Payment', 'checkbox', 0, NULL),
	('paypaladvanced_vendorid', 'Paypal Advanced Vendor ID', '', 'Payment', '', 0, NULL),
	('paypaladvanced_enable', 'Enable Paypal Advanced', 'N', 'Payment', 'checkbox', 0, NULL),
	('streamsend_enable', 'Enable Streamsend', 'N', 'General', 'checkbox', 0, 'Enable this if you want to bulk email your customers'),
	('streamsend_loginid', 'Streamsend Login ID', '', 'General', '', 0, 'LoginId of http://streamsend.com/ account '),
	('streamsend_key', 'Streamsend Key', '', 'General', '', 0, 'Key generated from http://streamsend.com/ account'),
	('streamsend_listid', 'Streamsend List ID', '3', 'General', '', 0, 'List Id from http://streamsend.com/'),
	('paypaladvanced_partnerid', 'Paypal Advanced Partner ID', 'PayPal', 'Payment', '', 0, NULL),
	('paypaladvanced_testmode', 'Paypal Advanced Test Mode', 'N', 'Payment', 'checkbox', 0, NULL),
	('company_name', 'Company Name', 'iScripts Gostores', 'General', '', 0, 'Enter your company name'),
	('company_address', 'Company Address', '4268 Sumner', 'General', 'textarea', 0, ''),
	('company_website', 'Company Website', 'https://www.iscripts.com', 'General', '', 0, 'Enter your company website'),
	('company_email', 'Company Email', 'admin@iscripts.com', 'General', '', 0, 'Enter your company email'),
	('company_phone', 'Company Phone', '1-(800)-569-5538', 'General', '', 0, 'Enter your company phone'),
	('enable_googlecheckout', 'Enable Google Checkout', 'N', 'Payment', '', 0, NULL),
	('gcheck_merchant_id', 'Google Checkout Merchant id', '', 'Payment', '', 0, NULL),
	('gcheck_merchant_key', 'Google Checkout Merchant key', '', 'Payment', '', 0, NULL),
	('gcheck_server_type', 'Google Checkout Server Type', 'sandbox', 'Payment', '', 0, NULL),
	('gcheck_currency', 'Google Checkout Currency', 'USD', 'Payment', '', 0, NULL),
	('gcheck_btn_checkout', 'Google Checkout Button Type', 'SMALL', 'Payment', '', 0, NULL),
	('yourpay_enable', 'Enable Yourpay', 'N', 'Payment', '', 0, NULL),
	('yourpay_storeid', 'Yourpay Store ID', '1212122121', 'Payment', '', 0, NULL),
	('yourpay_demo', 'Yourpay Demo', 'Y', 'Payment', '', 0, NULL),
	('enom_password', 'Enom Password', '', 'Domain Registrar', '', 0, NULL),
	('enom_testmode', 'Enom Testmode', 'Y', 'Domain Registrar', 'checkbox', 0, NULL),
	('enom_user', 'Enom User', '', 'Domain Registrar', '', 4, NULL),
	('domain_registrar', 'Domain Registrar', 'ENOM', 'Domain Registrar', '', 6, 'Domain'),
	('quickbook_appname', 'Quickbook Application Name', '', 'Payment', '', 0, NULL),
	('quickbook_key', 'Quickbook Key', '', 'Payment', '', 0, NULL),
	('quickbook_enable', 'Enable Quickbooke', 'N', 'Payment', '', 0, NULL),
	('quickbook_testmode', 'Quickbook Test Mode', 'N', 'Payment', '', 0, NULL),
	('name_server_1', 'Name Server 1', '', 'Name Servers', '', 1, NULL),
	('name_server_2', 'Name Server 2', '', 'Name Servers', '', 2, NULL),
	('name_server_3', 'Name Server 3', '', 'Name Servers', '', 3, NULL),
	('name_server_4', 'Name Server 4', '', 'Name Servers', '', 4, NULL),
	('paypalflow_enable', 'Enable Payflow', 'N', 'Payment', 'checkbox', 0, NULL),
	('paypalflow_partnerid', 'Payflow Partner ID', '', 'Payment', '', 0, NULL),
	('paypalflow_vendorid', 'Payflow Vendorid', '', 'Payment', '', 0, NULL),
	('payflowlink_password', 'Payflowlink Password', '', 'Payment', '', 0, NULL),
	('paypalflow_testmode', 'Payflow Test Mode', 'N', 'Payment', 'checkbox', 0, NULL),
	('site_email', 'Site Email', '', 'General', '', 0, NULL),
	('site_phone', 'Site Phone', '1-(800)-569-5538', 'General', '', 0, NULL),
	('company_phone_internat', 'Company Phone(International)', '', 'General', '', 0, 'Enter your company phone'),
	('whm_host', 'WHM Host', NULL, 'Hosting', '', 0, NULL),
	('whm_user', 'WHM Username', NULL, 'Hosting', '', 0, NULL),
	('whm_pass', 'WHM Password', NULL, 'Hosting', '', 0, NULL),
	('whm_package', 'WHM Package', NULL, 'Hosting', '', 0, NULL),
	('whm_ip', 'WHM IP', NULL, 'Hosting', '', 0, NULL),
	('whm_product_pack_location', '', NULL, '', '', 0, NULL),
	('whm_landing_location', '', NULL, '', '', 0, NULL),
	('priceDomiainRegistration', 'Price of Domain Registration Plan', '15', 'Domain Registrar', '', 0, NULL),
	('licenseKey', 'License Key', '54654654hhgfhfghgf', 'General', '', 0, 'Your license key is emailed to you after purchase. The license key should be entered here to verify and activate the software.'),
	('paypal_bn_code', 'Paypal BN Code', '', 'Payment', '', 0, 'Build Notation ID Code is a unique identifier that tells PayPal how much volume comes in through merchants who use your integrated Paypal solution'),
	('paypaladvanced_bn_code', 'Paypal Advanced BN Code', '', 'Payment', '', 0, 'Build Notation ID Code is a unique identifier that tells PayPal how much volume comes in through merchants who use your integrated Paypal solution'),
	('paypalpro_bn_code', 'Paypalpro BN Code', '', 'Payment', '', 0, 'Build Notation ID Code is s unique identifier that tells PayPal how much volume comes in through merchants who use your integrated Paypal solution'),
	('recaptcha_enable', 'Enable Recaptcha', 'N', 'General', '', 0, 'You can enable / disable recaptcha in site.'),
	('recaptcha_public_key', 'Recaptcha Public Key', '', 'General', '', 0, 'Enter Recaptcha Public Key'),
	('recaptcha_private_key', 'Recaptcha Private Key', '', 'General', '', 0, 'Enter Recaptcha Private Key'),
	('enableDomiainRegistration', 'Enable Domain Registration', 'Y', 'Domain Registrar', 'checkbox', 0, 'Enable Domain Registration'),
	('enabletranslator', 'Enable Google Translator', 'Y', 'General', 'checkbox', 0, 'Would you like your site display Google translator'),
	('enom_uiseripd', 'Enom Server IP', '', 'Domain Registrar', '', 0, NULL),
	('bluedog_enable', 'Enable BlueDog ', 'Y', 'Payment', '', 0, 'Note : BlueDog will support only US dollars.'),
	('bluedog_live_apikey', 'BlueDog  Login Id', '', 'Payment', '', 0, NULL),
	('bluedog_sandbox_apikey', 'BlueDog Transaction Key', '', 'Payment', '', 0, NULL),
	('bluedog_test_mode', 'BlueDog Test Mode', 'N', 'Payment', 'checkbox', 0, NULL),
	('smtp_username', 'SMTP Username', '', 'SMTP', NULL, 0, NULL),
	('smtp_password', 'SMTP Password', '', 'SMTP', NULL, 0, NULL),
	('smtp_host', 'SMTP Host', '', 'SMTP', NULL, 0, NULL),
	('smtp_port', 'SMTP Port', '', 'SMTP', NULL, 0, NULL),
	('smtp_protocol', 'SMTP Protocol', '', 'SMTP', 'radio', 0, NULL),
	('company_address', 'Company Address', '', 'General', 'textarea', 0, 'Enter your company address'),
	('siteUrl', 'Site URL', '', 'General', '', 0, '');


INSERT IGNORE INTO `goStores_SiteAnalytics` (`nId`, `nCount`, `dTrackingDate`) VALUES
	(3, '191', '2012-08-31 23:26:01'),
	(2, '191', '2012-08-21 02:22:48'),
	(4, '64', '2012-09-30 23:15:36'),
	(5, '49', '2012-10-03 07:10:14'),
	(6, '49', '2012-10-03 07:11:39'),
	(7, '49', '2012-10-03 07:11:58'),
	(8, '22', '2012-11-01 05:04:40'),
	(9, '59', '2012-12-03 22:29:03'),
	(10, '16', '2013-01-08 04:40:39'),
	(11, '9', '2013-02-05 22:54:46'),
	(12, '10', '2013-04-04 03:15:11'),
	(13, '75', '2013-06-25 02:54:14'),
	(14, '63', '2013-07-12 05:35:50'),
	(15, '17', '2014-03-04 21:46:46'),
	(16, '6', '2019-05-24 12:28:29');

INSERT IGNORE INTO `goStores_themes` (`theme_id`, `theme_title`, `theme_name`, `theme_status`, `theme_thumbnail`) VALUES
	(1, 'Clean Grey', 'theme1', 0, '<img style="width:60px; height:60px; " src="http://localhost/gostores/project/styles/themes/theme1/preview.jpg">'),
	(2, 'Aqua Blue', 'theme2', 1, ' <img style="width:60px; height:60px; " src="http://localhost/gostores/project/styles/themes/theme2/preview.jpg">'),
	(3, 'Elegent Red', 'theme3', 0, '<img style="width:60px; height:60px; " src="http://localhost/gostores/project/styles/themes/theme3/preview.jpg">'),
	(4, 'Emerald Green', 'theme4', 0, '<img style="width:60px; height:60px; " src="http://localhost/gostores/project/styles/themes/theme4/preview.jpg">'),
	(5, 'Lifestyle', 'theme5', 0, '<img style="width:60px; height:60px; " src="http://localhost/gostores/project/styles/themes/theme5/preview.jpg">');

INSERT IGNORE INTO `goStores_tld` (`id`, `registrar`, `tld`, `register_fee`, `renewal_fee`, `transfer_fee`, `tocidreg`, `tocidren`, `tocidtra`) VALUES
	(11, 'ENOM', 'biz', 15.00, 10.00, 10.00, '', '', ''),
	(12, 'ENOM', 'com', 15.00, 10.00, 10.00, '', '', ''),
	(13, 'ENOM', 'info', 15.00, 10.00, 10.00, '', '', ''),
	(14, 'ENOM', 'mobi', 15.00, 10.00, 10.00, '', '', ''),
	(15, 'ENOM', 'name', 15.00, 10.00, 10.00, '', '', ''),
	(16, 'ENOM', 'net', 15.00, 10.00, 10.00, '', '', ''),
	(17, 'ENOM', 'org', 15.00, 10.00, 10.00, '', '', ''),
	(20, 'ENOM', 'ca', 15.00, 10.00, 10.00, '', '', '');

INSERT IGNORE INTO `goStores_tld_godaddy` (`nId`, `nDuration`, `eType`, `vProductid`, `vTld`) VALUES
	(1, 1, 'Registration', '350001', 'com'),
	(2, 2, 'Registration', '350002', 'com'),
	(3, 3, 'Registration', '350003', 'com'),
	(4, 4, 'Registration', '350004', 'com'),
	(5, 5, 'Registration', '350005', 'com'),
	(6, 6, 'Registration', '350006', 'com'),
	(7, 7, 'Registration', '350007', 'com'),
	(8, 8, 'Registration', '350008', 'com'),
	(9, 9, 'Registration', '350009', 'com'),
	(10, 10, 'Registration', '350010', 'com'),
	(11, 1, 'Renewal', '15212', 'bz'),
	(12, 1, 'Renewal', '19140', 'me'),
	(13, 1, 'Renewal', '19850', 'in'),
	(14, 1, 'Renewal', '50801', 'mobi'),
	(15, 1, 'Renewal', '51000', 'co.in'),
	(16, 1, 'Renewal', '51100', 'firm.in'),
	(17, 1, 'Renewal', '51200', 'gen.in'),
	(18, 1, 'Renewal', '51300', 'ind.in'),
	(19, 1, 'Renewal', '51400', 'net.in'),
	(20, 1, 'Renewal', '350012', 'com'),
	(21, 2, 'Renewal', '350013', 'com'),
	(22, 3, 'Renewal', '350014', 'com'),
	(23, 4, 'Renewal', '350015', 'com'),
	(24, 5, 'Renewal', '350016', 'com'),
	(25, 6, 'Renewal', '350017', 'com'),
	(26, 7, 'Renewal', '350018', 'com'),
	(27, 8, 'Renewal', '350019', 'com'),
	(28, 9, 'Renewal', '350020', 'com'),
	(29, 10, 'Renewal', '350021', 'com'),
	(30, 1, 'Transfer', '350011', 'com'),
	(31, 1, 'Registration', '350076', 'BIZ'),
	(32, 2, 'Registration', '350077', 'BIZ'),
	(33, 3, 'Registration', '350078', 'BIZ'),
	(34, 4, 'Registration', '350079', 'BIZ'),
	(35, 5, 'Registration', '350080', 'BIZ'),
	(36, 6, 'Registration', '350081', 'BIZ'),
	(37, 7, 'Registration', '350082', 'BIZ'),
	(38, 8, 'Registration', '350083', 'BIZ'),
	(39, 9, 'Registration', '350084', 'BIZ'),
	(40, 10, 'Registration', '350085', 'BIZ'),
	(41, 1, 'Transfer', '350086', 'BIZ'),
	(42, 1, 'Renewal', '350087', 'BIZ'),
	(43, 2, 'Renewal', '350088', 'BIZ'),
	(44, 3, 'Renewal', '350089', 'BIZ'),
	(45, 4, 'Renewal', '350090', 'BIZ'),
	(46, 5, 'Renewal', '350091', 'BIZ'),
	(47, 6, 'Renewal', '350092', 'BIZ'),
	(48, 7, 'Renewal', '350093', 'BIZ'),
	(49, 8, 'Renewal', '350094', 'BIZ'),
	(50, 9, 'Renewal', '350095', 'BIZ'),
	(51, 10, 'Renewal', '350096', 'BIZ'),
	(52, 1, 'Registration', '9850', 'IN'),
	(53, 2, 'Registration', '9851', 'IN'),
	(54, 3, 'Registration', '9852', 'IN'),
	(55, 4, 'Registration', '9853', 'IN'),
	(56, 5, 'Registration', '9854', 'IN'),
	(57, 6, 'Registration', '9855', 'IN'),
	(58, 7, 'Registration', '9856', 'IN'),
	(59, 8, 'Registration', '9857', 'IN'),
	(60, 9, 'Registration', '9858', 'IN'),
	(61, 10, 'Registration', '9859', 'IN'),
	(62, 1, 'Transfer', '9860', 'IN'),
	(63, 1, 'Renewal', '19850', 'IN'),
	(64, 2, 'Renewal', '19851', 'IN'),
	(65, 3, 'Renewal', '19852', 'IN'),
	(66, 4, 'Renewal', '19853', 'IN'),
	(67, 5, 'Renewal', '19854', 'IN'),
	(68, 6, 'Renewal', '19855', 'IN'),
	(69, 7, 'Renewal', '19856', 'IN'),
	(70, 8, 'Renewal', '19857', 'IN'),
	(71, 9, 'Renewal', '19858', 'IN'),
	(72, 10, 'Renewal', '19859', 'IN'),
	(73, 1, 'Registration', '350051', 'INFO'),
	(74, 2, 'Registration', '350052', 'INFO'),
	(75, 3, 'Registration', '350053', 'INFO'),
	(76, 4, 'Registration', '350054', 'INFO'),
	(77, 5, 'Registration', '350055', 'INFO'),
	(78, 6, 'Registration', '350056', 'INFO'),
	(79, 7, 'Registration', '350057', 'INFO'),
	(80, 8, 'Registration', '350058', 'INFO'),
	(81, 9, 'Registration', '350059', 'INFO'),
	(82, 10, 'Registration', '350060', 'INFO'),
	(83, 1, 'Transfer', '350061', 'INFO'),
	(84, 1, 'Renewal', '350062', 'INFO'),
	(85, 2, 'Renewal', '350063', 'INFO'),
	(86, 3, 'Renewal', '350064', 'INFO'),
	(87, 4, 'Renewal', '350065', 'INFO'),
	(88, 5, 'Renewal', '350066', 'INFO'),
	(89, 6, 'Renewal', '350067', 'INFO'),
	(90, 7, 'Renewal', '350068', 'INFO'),
	(91, 8, 'Renewal', '350069', 'INFO'),
	(92, 9, 'Renewal', '350070', 'INFO'),
	(93, 10, 'Renewal', '350071', 'INFO'),
	(94, 1, 'Registration', '40801', 'MOBI'),
	(95, 2, 'Registration', '40802', 'MOBI'),
	(96, 3, 'Registration', '40803', 'MOBI'),
	(97, 4, 'Registration', '40804', 'MOBI'),
	(98, 5, 'Registration', '40805', 'MOBI'),
	(99, 6, 'Registration', '40806', 'MOBI'),
	(100, 7, 'Registration', '40807', 'MOBI'),
	(101, 8, 'Registration', '40808', 'MOBI'),
	(102, 9, 'Registration', '40809', 'MOBI'),
	(103, 10, 'Registration', '40810', 'MOBI'),
	(104, 1, 'Transfer', '40811', 'MOBI'),
	(105, 1, 'Renewal', '50801', 'MOBI'),
	(106, 2, 'Renewal', '50802', 'MOBI'),
	(107, 3, 'Renewal', '50803', 'MOBI'),
	(108, 4, 'Renewal', '50804', 'MOBI'),
	(109, 5, 'Renewal', '50805', 'MOBI'),
	(110, 6, 'Renewal', '50806', 'MOBI'),
	(111, 7, 'Renewal', '50807', 'MOBI'),
	(112, 8, 'Renewal', '50808', 'MOBI'),
	(113, 9, 'Renewal', '50809', 'MOBI'),
	(114, 10, 'Renewal', '50810', 'MOBI'),
	(115, 1, 'Registration', '350030', 'NET '),
	(116, 2, 'Registration', '350031', 'NET '),
	(117, 3, 'Registration', '350032', 'NET '),
	(118, 4, 'Registration', '350033', 'NET '),
	(119, 5, 'Registration', '350034', 'NET '),
	(120, 6, 'Registration', '350035', 'NET '),
	(121, 7, 'Registration', '350036', 'NET '),
	(122, 8, 'Registration', '350037', 'NET '),
	(123, 9, 'Registration', '350038', 'NET '),
	(124, 10, 'Registration', '350039', 'NET '),
	(125, 1, 'Transfer', '350040', 'NET '),
	(126, 1, 'Renewal', '350041', 'NET '),
	(127, 2, 'Renewal', '350042', 'NET '),
	(128, 3, 'Renewal', '350043', 'NET '),
	(129, 4, 'Renewal', '350044', 'NET '),
	(130, 5, 'Renewal', '350045', 'NET '),
	(131, 6, 'Renewal', '350046', 'NET '),
	(132, 7, 'Renewal', '350047', 'NET '),
	(133, 8, 'Renewal', '350048', 'NET '),
	(134, 9, 'Renewal', '350049', 'NET '),
	(135, 10, 'Renewal', '350050', 'NET '),
	(136, 1, 'Registration', '350150', 'ORG'),
	(137, 2, 'Registration', '350151', 'ORG'),
	(138, 3, 'Registration', '350152', 'ORG'),
	(139, 4, 'Registration', '350153', 'ORG'),
	(140, 5, 'Registration', '350154', 'ORG'),
	(141, 6, 'Registration', '350155', 'ORG'),
	(142, 7, 'Registration', '350156', 'ORG'),
	(143, 8, 'Registration', '350157', 'ORG'),
	(144, 9, 'Registration', '350158', 'ORG'),
	(145, 10, 'Registration', '350159', 'ORG'),
	(146, 1, 'Transfer', '350160', 'ORG'),
	(147, 1, 'Renewal', '350161', 'ORG'),
	(148, 2, 'Renewal', '350162', 'ORG'),
	(149, 3, 'Renewal', '350163', 'ORG'),
	(150, 4, 'Renewal', '350164', 'ORG'),
	(151, 5, 'Renewal', '350165', 'ORG'),
	(152, 6, 'Renewal', '350166', 'ORG'),
	(153, 7, 'Renewal', '350167', 'ORG'),
	(154, 8, 'Renewal', '350168', 'ORG'),
	(155, 9, 'Renewal', '350169', 'ORG'),
	(156, 10, 'Renewal', '350170', 'ORG'),
	(157, 1, 'Registration', '350126', 'US'),
	(158, 2, 'Registration', '350127', 'US'),
	(159, 3, 'Registration', '350128', 'US'),
	(160, 4, 'Registration', '350129', 'US'),
	(161, 5, 'Registration', '350130', 'US'),
	(162, 6, 'Registration', '350131', 'US'),
	(163, 7, 'Registration', '350132', 'US'),
	(164, 8, 'Registration', '350133', 'US'),
	(165, 9, 'Registration', '350134', 'US'),
	(166, 10, 'Registration', '350135', 'US'),
	(167, 1, 'Transfer', '350136', 'US'),
	(168, 1, 'Renewal', '350137', 'US'),
	(169, 2, 'Renewal', '350138', 'US'),
	(170, 3, 'Renewal', '350139', 'US'),
	(171, 4, 'Renewal', '350140', 'US'),
	(172, 5, 'Renewal', '350141', 'US'),
	(173, 6, 'Renewal', '350142', 'US'),
	(174, 7, 'Renewal', '350143', 'US'),
	(175, 8, 'Renewal', '350144', 'US'),
	(176, 9, 'Renewal', '350145', 'US'),
	(177, 10, 'Renewal', '350146', 'US'),
	(178, 1, 'Registration', '350101', 'WS'),
	(179, 2, 'Registration', '350102', 'WS'),
	(180, 3, 'Registration', '350103', 'WS'),
	(181, 4, 'Registration', '350104', 'WS'),
	(182, 5, 'Registration', '350105', 'WS'),
	(183, 6, 'Registration', '350106', 'WS'),
	(184, 7, 'Registration', '350107', 'WS'),
	(185, 8, 'Registration', '350108', 'WS'),
	(186, 9, 'Registration', '350109', 'WS'),
	(187, 10, 'Registration', '350110', 'WS'),
	(188, 1, 'Renewal', '350112', 'WS'),
	(189, 2, 'Renewal', '350113', 'WS'),
	(190, 3, 'Renewal', '350114', 'WS'),
	(191, 4, 'Renewal', '350115', 'WS'),
	(192, 5, 'Renewal', '350116', 'WS'),
	(193, 6, 'Renewal', '350117', 'WS'),
	(194, 7, 'Renewal', '350118', 'WS'),
	(195, 8, 'Renewal', '350119', 'WS'),
	(196, 9, 'Renewal', '350120', 'WS'),
	(197, 10, 'Renewal', '350121', 'WS'),
	(198, 1, 'Transfer', '350811', 'WS');


INSERT IGNORE INTO `goStores_Vista_admins` (`id`, `admin_name`, `admin_pword`, `profile_img`, `settings`, `custom`, `category`, `products`, `feedback`, `users`, `orders`, `refund`, `promocodes`, `websitecontent`, `reports`, `homepage`, `help`, `adminusers`, `newsletter`, `newsletterusers`, `sentnewsletters`, `giftcards`, `banners`, `giftcardusers`, `offers`, `customer_groups`, `tags`, `email`, `blog_pword`) VALUES
	(1, 'admin', '21232f297a57a5a743894a0e4a801fc3', '', '1', '1', '1', '1', '1', '1', '1', '1', '1', '1', '1', '1', '1', '1', '1', '1', '1', '1', '1', '1', '1', '1', '1', 'anoop.v@armiasystems.com', 'admin');

INSERT IGNORE INTO `goStores_Vista_advertisements` (`id`, `adfile`, `template_id`, `position`, `status`) VALUES
	(1, 'AD1566380095.png', 1, 1, 1),
	(2, 'AD1566380120.png', 1, 2, 1),
	(3, 'AD1561362763.png', 2, 1, 1),
	(4, 'AD1566907214.png', 2, 2, 1),
	(5, 'AD1566907225.png', 2, 3, 1),
	(6, 'AD1566907235.png', 2, 4, 1),
	(7, 'AD1567148723.png', 3, 1, 1),
	(8, 'AD1567148714.png', 3, 3, 1),
	(9, 'AD1567164132.png', 4, 1, 1),
	(10, 'AD1567164187.png', 4, 2, 1),
	(11, 'AD1567404582.png', 5, 1, 1),
	(12, 'AD1567514694.png', 5, 2, 1),
	(13, 'AD1567514685.png', 5, 3, 1),
	(14, 'AD1566382270.png', 1, 3, 1);

INSERT IGNORE INTO `goStores_Vista_banners` (`id`, `bannerfile`, `template_id`, `status`, `displayorder`, `bannertitle`, `bannerdata`) VALUES
	(1, 'BAN1566308950.png', 1, 1, 2, 'special offer', '20 % off for all products'),
	(2, 'BAN1566308941.png', 1, 1, 1, 'NEW YEAR OFFER', 'special offer for all products'),
	(3, 'BAN1566308930.png', 1, 1, 3, 'Womens Only Wednesdays', 'Upto 70% off'),
	(4, 'BAN1567063242.png', 3, 1, 1, 'BEST OFFER', 'PURCHASE YOUR GUN'),
	(5, 'BAN1567063855.png', 3, 1, 2, 'THIS MONTH OFFER', 'PURCHASE YOUR GUN'),
	(6, 'BAN1567063845.png', 3, 1, 3, 'THIS WEEK OFFER', 'PURCHASE YOUR GUN'),
	(7, 'BAN1567165211.png', 4, 1, 3, 'This Week Offer', '25% Offer'),
	(8, 'BAN1567165917.png', 4, 1, 2, 'This Month Offer', '10% Offer'),
	(9, 'BAN1566909335.png', 2, 1, 1, 'Big Offer', '50%  Offer'),
	(10, 'BAN1566912594.png', 2, 1, 2, 'Summer Offer', '15% Offer'),
	(11, 'BAN1566912618.png', 2, 1, 3, 'This Week Offer', '10% Offer'),
	(12, 'BAN1567505261.png', 5, 1, 1, 'The Spring racing edition', 'Spring Collection'),
	(13, 'BAN1567505208.png', 5, 1, 2, 'New collection ', 'Made for her'),
	(14, 'BAN1567504747.png', 5, 1, 3, 'Looking for the best price', 'Summer Collection'),
	(15, 'BAN1567165163.png', 4, 1, 1, 'This Day Offer', '5% Offer');

INSERT IGNORE INTO `goStores_Vista_categories` (`id`, `cname`, `seo_slug`, `parent_id`, `custom_combination`, `is_from_invsrc`) VALUES
	(1, 'Root', NULL, 0, '', 0),
	(2, 'Miscellaneous', 'miscellaneous', 1, '', 0),
	(3, 'Miscellaneous', 'miscellaneous', 2, '', 0);

INSERT IGNORE INTO `goStores_Vista_cmspages` (`id`, `title`, `content`, `type`, `status`) VALUES
	(1, 'Order confirm mail', '<p>Hi [User_Name],</p>\r\n\r\n<p>Your order has been successfully placed at [SITE_NAME]. The order details are as follows.</p>\r\n\r\n<p>[ORDER_DETAILS]</p>\r\n\r\n<p>&nbsp;</p>\r\n\r\n<p>Regards,</p>\r\n\r\n<p>Team [SITE_NAME]</p>\r\n', 'email', 'Y'),
	(2, 'Registration intimation mail to admin', '<p>Hi Administrator,<br />\r\nA new user [User_Name] is registered with [SITE_NAME].</p>\r\n\r\n<p>Regards,<br />\r\nTeam [SITE_NAME]</p>\r\n', 'email', 'Y'),
	(3, 'AboutUS', '<h2>Who We Are</h2>\r\n\r\n<p>Hello, and welcome to Online Toys....</p>\r\n\r\n<p>Online Toys is owned and operated by our family owned company - American Online Commerce Pty. Ltd. We are a purely internet based toy store which means we specialise in the sale of toys only through the World Wide Web. We are an independent toy retailer and we are located at Los Angeles. Our web site www.etoys.com officially opened for business October 2010 with the ultimate aim of one day becoming America&#39;s best known, and loved, online toy store.</p>\r\n\r\n<p>We despatch orders US-wide and to several international destinations. We allow customer pickups, customer enquiries via phone or email, and in many cases we can ship orders same day. Our warehouse allows us to hold stock while our web site tracks stock in real-time so we can despatch orders quickly and efficiently at all times.</p>\r\n\r\n<p>Our goals are to:</p>\r\n\r\n<table border="0" cellpadding="0" cellspacing="5" style="width:100%">\r\n	<tbody>\r\n		<tr>\r\n			<td>\r\n			<ul>\r\n				<li>Provide our customers with a great selection of toys,</li>\r\n				<li>Offer the toys at the lowest possible price,</li>\r\n				<li>Provide a friendly, fast, and reliable service at all times,</li>\r\n				<li>Give our customers total piece-of-mind should anything go wrong,</li>\r\n				<li>And make our store as easy as possible to use and navigate.</li>\r\n			</ul>\r\n			</td>\r\n		</tr>\r\n	</tbody>\r\n</table>\r\n', 'content', 'Y'),
	(4, 'Forgot password mail', '<p>Hi [User_Name],</p>\r\n\r\n<p>Your Password on [SITE_NAME] has been reset.</p>\r\n\r\n<p>Your new password is :&nbsp; [PASSWORD]</p>\r\n\r\n<p>&nbsp;</p>\r\n\r\n<p>Regards,</p>\r\n\r\n<p>Team [SITE_NAME]</p>\r\n', 'email', 'Y'),
	(5, 'Registration confirm mail', '<p>Hi [User_Name],</p>\r\n\r\n<p>Your Registration with&nbsp;&nbsp;[SITE_NAME] has been completed.</p>\r\n\r\n<p>User Name: [User_Name]</p>\r\n\r\n<p>Password:&nbsp;&nbsp;[PASSWORD]</p>\r\n\r\n<p>[LOGIN_URL]</p>\r\n\r\n<p>&nbsp;</p>\r\n\r\n<p>Regards,</p>\r\n\r\n<p>Team [SITE_NAME]</p>\r\n', 'email', 'Y'),
	(6, 'Order status change mail', '<p>Hi [User_Name],</p>\r\n\r\n<p>Your order status has been changed at [SITE_NAME]. The order details are as follows.</p>\r\n\r\n<p>[ORDER_DETAILS]</p>\r\n\r\n<p>&nbsp;</p>\r\n\r\n<p>Regards,</p>\r\n\r\n<p>Team [SITE_NAME]</p>\r\n', 'email', 'Y'),
	(7, 'FAQ', '<p><b>Frequently Asked Questions</b>&nbsp;</p>\r\n<p><strong>Q:&nbsp;</strong> &nbsp;&nbsp;&nbsp; My toy has arrived broken. What do I do?<br />\r\n<strong>A: </strong>&nbsp;&nbsp;&nbsp; If you suspect that the toy you ordered from us is damaged, please do not accept delivery. Ask the driver/postman that it be returned to sender by crossing out your delivery address and writing, in big letters, &quot;RTS&quot; (Return To Sender). Notify us of what\'s happened and we will take care of the rest by having a replacement toy sent out to you once the damaged toy is received by us.<br />\r\n<br />\r\nIf, on the other hand, you accepted delivery and discovered your toy to be broken much later, don\'t stress. The first thing to do is to notify us about the problem, we will provide you with a special number called a Return Merchandise Authority (RMA) number and further instructions. Repack the damaged toy, in its original packaging, together with the original receipt (if you have one) and everything else that came with it and return it back to us using the \'Reply Paid\' address we give you. A replacement toy will be sent to you once the damaged toy is received by us.<br />\r\n<br />\r\n<strong>Q:&nbsp;</strong> &nbsp;&nbsp;&nbsp; How does the Customer Reward Points programme work?<br />\r\n<strong>A: </strong>&nbsp;&nbsp;&nbsp; In a nutshell, you will receive 10 points for every $1 you spend. Toys labelled &quot;BONUS&quot; will reward you with more points (sometimes twice more). You can accumulate your points (and save for something big) or you can use them upon subsequent visits. The choice is yours. To convert points back into dollars, you will need 250 points to make up $1. Please click here for further information and click on the &quot;Terms &amp; Conditions&quot; tab above to read our Terms &amp; Conditions.<br />\r\n<br />\r\n<br />\r\n<strong>Q:&nbsp;</strong> &nbsp;&nbsp;&nbsp; I bought the wrong toy. What do I do?<br />\r\nA: &nbsp;&nbsp;&nbsp; It is important that when selecting the toy you want that you do so carefully. We understand that many toys look the same, some of them have very similar names, while others do exactly the same things, however, we cannot be held responsible if you make a wrong selection or change your mind.<br />\r\n<br />\r\nIf you are unsure about anything, we are here to help. Please use our Live Help service, email, or call us by telephone and ask us questions that will help you make the right choice. <br />\r\n<br />\r\n<strong>Q:&nbsp;</strong> &nbsp;&nbsp;&nbsp; Can I pay by cheque?<br />\r\n<strong>A: &nbsp;</strong>&nbsp;&nbsp; Yes you can. In addition to credit cards, we also accept bank cheques, personal cheques, and money orders. But please keep in mind that no orders will be despatched until cheque payments have been cleared by the bank. Cheques normally take around 3 working days to clear.<br />\r\n<br />\r\n<strong>Q:&nbsp;</strong> &nbsp;&nbsp;&nbsp; I\'ve selected a gift-tag, why cant I include a message?<br />\r\n<strong>A: </strong>&nbsp;&nbsp;&nbsp; Gift-tags generally are not very big which means after including the recipients and senders names there generally isn\'t much room for anything else. However, our Greeting Cards do have the option to include messages if required.<br />\r\n<br />\r\n<strong>Q:&nbsp;</strong> &nbsp;&nbsp;&nbsp; Do you sell/trade on eBay?<br />\r\n<strong>A: &nbsp;</strong>&nbsp;&nbsp; No, we don\'t.</p>', 'content', 'Y'),
	(8, 'Terms', '<p>TERMS OF USE</p>\n\n<p>Updated July 1, 2019</p>\n\n<p>This website is owned by Iscripts Gostores. These &ldquo;Terms of Use&rdquo; inform visitors of the rules and policies that govern this website. By using this website, you agree to abide by these terms. We may update this Agreement from time to time. If you do not agree with these Terms of Use, or any of our posted guidelines, please do not use this website. Website Content This website contains materials supplied by MRA and its affiliates, parents, and subsidiaries, as well as other sources, such as third party operational and marketing or manufacturing partners, and is protected by copyrights, trademarks, service marks, patents, trade secrets, or other proprietary rights and laws.</p>\n\n<p>Although we try to ensure that the material on this website is accurate and error-free, from time to time the materials may include inaccuracies or typographical errors. We are not responsible for any such inaccuracies or errors. We reserve the right to make changes and update any material and/or information contained on this website without prior notice.</p>\n\n<p>Except as expressly authorized by MRA, visitors may not copy, reproduce, republish, distribute, sell, license, rent, publicly display or perform, adapt or create a derivative work of, in any manner, any material, content or design elements obtained from this site, including code and software (collectively, the &ldquo;material&rdquo;).</p>\n\n<p>Notwithstanding the above, visitors may print or download the material from this site only for personal or non-commercial use, provided that the visitor does not republish the material and keeps intact all copyright, trademarks, service marks, patent and other proprietary notices.</p>\n\n<p>Copyright MRA respects the intellectual property rights of third parties and is committed to complying with all U.S. copyright and related laws. This policy is in addition to and does not affect or modify any other rights that MRA may have under law or contract. If a copyright holder believes in good faith that materials being hosted by MRA or otherwise stored on its network infringe on its rights, the copyright holder (or its agent) may send MRA a notification in accordance with the requirements set forth in the DMCA, requesting that MRA remove or block access to the infringing material.</p>\n\n<p>The notification must be emailed to: info@globusgear.com Third Party Links This website may contain links and pointers to other sites and resources on the Internet controlled by third parties.</p>\n\n<p>These links are provided solely as a convenience to our visitors and do not constitute an endorsement by MRA, its parents, affiliates or subsidiaries of any third party resources or content. Links do not imply that MRA sponsors, is affiliated or associated with, or otherwise recommends, certifies or endorses the third party link or site. Any concerns regarding external links or websites should be directed to the respective website administrator or system operator. Disclaimer of Warranties This website is provided &ldquo;AS IS.&rdquo; You agree that your use of this website is at your sole risk. MRA does not warrant, either expressly or by implication, the accuracy of any materials or information provided on the site or their suitability for any particular purpose, and expressly disclaims all warranties, including, but not limited to, warranties of merchantability or fitness for a particular purpose. Although the information provided to visitors on this site is obtained or compiled from sources we believe to be reliable, MRA cannot and does not guarantee the accuracy, validity, timeliness, completeness or reliability of any information or data made available to visitors or its suitability for any particular purpose.</p>\n\n<p>Neither MRA, nor any of its parents, partners, affiliates, subsidiaries, members, directors, officer, employees, agents, operational providers are liable or shall have responsibility of any kind to any visitor for any loss or damage that a visitor incurs in the event of (i) any failure or interruption of this site; (ii) any act or omission of any third party involved in making this site or the data contained herein available to visitors; (iii) any other cause relating to a visitor&rsquo;s access or use, or inability to access or use, any portion of this site or Materials on this site; (iv) or from any visitor&rsquo;s failure to comply with this Agreement, whether or not the circumstances giving rise to such cause may have been within the control of MRA or any vendor providing software, services or support. In no event will MRA, its parents, partners, affiliates, subsidiaries, members, officers or employees be liable to any visitor for any direct, indirect, consequential, or incidental damages or any other loss or damages of any kind.</p>\n\n<p>Please be advised that once you leave our website, your use of the Internet will be governed by the terms of usage agreements and privacy policies, if any, of the particular website that you are accessing, including those of our operational providers, vendors and partners.</p>\n\n<p>MRA, its parents, partners, affiliates, subsidiaries, members, directors, officers, employees and agents will not be responsible or liable for the content, activities, or privacy practices of the other websites, or any loss or damage that could result from leaving our website.</p>\n\n<p>&nbsp;</p>\n', 'content', 'Y'),
	(12, 'Order payment received mail', '<p>Hi [User_Name],</p>\r\n\r\n<p>Your order payment has been received at [SITE_NAME]. The order details are as follows.</p>\r\n\r\n<p>[ORDER_DETAILS]</p>\r\n\r\n<p>&nbsp;</p>\r\n\r\n<p>Regards,</p>\r\n\r\n<p>Team [SITE_NAME]</p>\r\n', 'email', 'Y'),
	(9, 'Admin order confirm mail', '<p>Hi Administrator,</p>\r\n\r\n<p>An Order has been successfully placed at [SITE_NAME]. The order details are as follows.</p>\r\n\r\n<p>[ORDER_DETAILS]</p>\r\n\r\n<p>&nbsp;</p>\r\n\r\n<p>Regards,</p>\r\n\r\n<p>Team [SITE_NAME]</p>\r\n', 'email', 'Y'),
	(10, 'Testimonials', 'Add Testimonials Here...............................', 'content', 'N'),
	(11, 'Community', '<p>Add Community details Here...............................</p>\r\n', 'content', 'N'),
	(14, 'Contact us mail for admin', '<p>Hi Administrator,</p>\r\n\r\n<p>A new customer feedback has been added on the site. The details are as follows:</p>\r\n\r\n<p>Customer Name: [name]</p>\r\n\r\n<p>Email: [email]</p>\r\n\r\n<p>Message: [message]</p>\r\n\r\n<p>&nbsp;</p>\r\n\r\n<p>Regards,</p>\r\n\r\n<p>Team [SITE_NAME]</p>\r\n', 'email', 'Y'),
	(15, 'FFL mail for admin', '<p>Hi Administrator,</p>\n\n<p>Please find the FFL ID and Special Occupational Taxpayer (SOT) license for the seller:</p>\n\n<p>Store Name: [site_name] </p>\n\n<p>Store Address: [store_address] </p>\n\n<p>Site Administrator Email: [site_admin] </p>\n\n<p>FFL ID: [ffl_id]</p>\n\n<p>&nbsp;</p>\n\n<p>Regards,</p>\n\n<p>Team [SITE_NAME]</p>', 'email', 'Y'),
	(16, 'Inventory email', '<p>Hi Administrator,<br />\nPlease find the following details</p>\n\n<p>[INV_DATA] </p>\n\n<p>Regards,<br />\nTeam [SITE_NAME]</p>\n', 'email', 'Y'),
	(17, 'Ruger Main Block', '<h2 itemprop="headline"><i class="theme-clr">WHO WE ARE</i> INTRODUCING</h2>\r\n                                    <p itemprop="description">With ste-of-the-art indoor training facilities and full sece custom shop on lion, e can accomm most reests. All modern weapon enthussts can te our broad services and real-world, experienc. state-of-the-art ilities and full service.</p>', 'block', 'Y'),
	(18, 'Ruger Main Block Side1', '<h5><a href="#" title="">TARGET PRACTICE</a></h5>\r\n\r\n<p>With state-of-the-art indoor training faciliti service lorim custom</p>\r\n', 'block', 'Y'),
	(19, 'Ruger Main Block Side2', '<h5><a href="#" title="">SECOND AMNEDMENT</a></h5>\r\n\r\n<p>With state-of-the-art indoor training faciliti service lorim custom</p>\r\n', 'block', 'Y'),
	(20, 'Ruger Main Block Side3', '<h5 itemprop="headline"><a href="#" title="" itemprop="url">SHOOT RANGE</a></h5>\r\n                                        <p itemprop="description">With state-of-the-art indoor training faciliti service lorim custom </p>\r\n            ', 'block', 'Y'),
	(21, 'Ruger Main Block Side4', '<h5 itemprop="headline"><a href="#" title="" itemprop="url">TRAINING CENTER</a></h5>\r\n                                        <p itemprop="description">With state-of-the-art indoor training faciliti service lorim custom </p>', 'block', 'Y');

INSERT IGNORE INTO `goStores_Vista_countries` (`country_id`, `country_name`, `country_iso_code_2`) VALUES
	(1, 'Afghanistan', 'AF'),
	(2, 'Albania', 'AL'),
	(3, 'Algeria', 'DZ'),
	(4, 'American Samoa', 'AS'),
	(5, 'Andorra', 'AD'),
	(6, 'Angola', 'AO'),
	(7, 'Anguilla', 'AI'),
	(8, 'Antarctica', 'AQ'),
	(9, 'Antigua and Barbuda', 'AG'),
	(10, 'Argentina', 'AR'),
	(11, 'Armenia', 'AM'),
	(12, 'Aruba', 'AW'),
	(13, 'Australia', 'AU'),
	(14, 'Austria', 'AT'),
	(15, 'Azerbaijan', 'AZ'),
	(16, 'Bahamas', 'BS'),
	(17, 'Bahrain', 'BH'),
	(18, 'Bangladesh', 'BD'),
	(19, 'Barbados', 'BB'),
	(20, 'Belarus', 'BY'),
	(21, 'Belgium', 'BE'),
	(22, 'Belize', 'BZ'),
	(23, 'Benin', 'BJ'),
	(24, 'Bermuda', 'BM'),
	(25, 'Bhutan', 'BT'),
	(26, 'Bolivia', 'BO'),
	(27, 'Bosnia and Herzegowina', 'BA'),
	(28, 'Botswana', 'BW'),
	(29, 'Bouvet Island', 'BV'),
	(30, 'Brazil', 'BR'),
	(31, 'British Indian Ocean Territory', 'IO'),
	(32, 'Brunei Darussalam', 'BN'),
	(33, 'Bulgaria', 'BG'),
	(34, 'Burkina Faso', 'BF'),
	(35, 'Burundi', 'BI'),
	(36, 'Cambodia', 'KH'),
	(37, 'Cameroon', 'CM'),
	(38, 'Canada', 'CA'),
	(39, 'Cape Verde', 'CV'),
	(40, 'Cayman Islands', 'KY'),
	(41, 'Central African Republic', 'CF'),
	(42, 'Chad', 'TD'),
	(43, 'Chile', 'CL'),
	(44, 'China', 'CN'),
	(45, 'Christmas Island', 'CX'),
	(46, 'Cocos (Keeling) Islands', 'CC'),
	(47, 'Colombia', 'CO'),
	(48, 'Comoros', 'KM'),
	(49, 'Congo', 'CG'),
	(50, 'Cook Islands', 'CK'),
	(51, 'Costa Rica', 'CR'),
	(52, 'Cote D\'Ivoire', 'CI'),
	(53, 'Croatia', 'HR'),
	(54, 'Cuba', 'CU'),
	(55, 'Cyprus', 'CY'),
	(56, 'Czech Republic', 'CZ'),
	(57, 'Denmark', 'DK'),
	(58, 'Djibouti', 'DJ'),
	(59, 'Dominica', 'DM'),
	(60, 'Dominican Republic', 'DO'),
	(61, 'East Timor', 'TP'),
	(62, 'Ecuador', 'EC'),
	(63, 'Egypt', 'EG'),
	(64, 'El Salvador', 'SV'),
	(65, 'Equatorial Guinea', 'GQ'),
	(66, 'Eritrea', 'ER'),
	(67, 'Estonia', 'EE'),
	(68, 'Ethiopia', 'ET'),
	(69, 'Falkland Islands (Malvinas)', 'FK'),
	(70, 'Faroe Islands', 'FO'),
	(71, 'Fiji', 'FJ'),
	(72, 'Finland', 'FI'),
	(73, 'France', 'FR'),
	(74, 'France, Metropolitan', 'FX'),
	(75, 'French Guiana', 'GF'),
	(76, 'French Polynesia', 'PF'),
	(77, 'French Southern Territories', 'TF'),
	(78, 'Gabon', 'GA'),
	(79, 'Gambia', 'GM'),
	(80, 'Georgia', 'GE'),
	(81, 'Germany', 'DE'),
	(82, 'Ghana', 'GH'),
	(83, 'Gibraltar', 'GI'),
	(84, 'Greece', 'GR'),
	(85, 'Greenland', 'GL'),
	(86, 'Grenada', 'GD'),
	(87, 'Guadeloupe', 'GP'),
	(88, 'Guam', 'GU'),
	(89, 'Guatemala', 'GT'),
	(90, 'Guinea', 'GN'),
	(91, 'Guinea-bissau', 'GW'),
	(92, 'Guyana', 'GY'),
	(93, 'Haiti', 'HT'),
	(94, 'Heard and Mc Donald Islands', 'HM'),
	(95, 'Honduras', 'HN'),
	(96, 'Hong Kong', 'HK'),
	(97, 'Hungary', 'HU'),
	(98, 'Iceland', 'IS'),
	(99, 'India', 'IN'),
	(100, 'Indonesia', 'ID'),
	(101, 'Iran (Islamic Republic of)', 'IR'),
	(102, 'Iraq', 'IQ'),
	(103, 'Ireland', 'IE'),
	(104, 'Israel', 'IL'),
	(105, 'Italy', 'IT'),
	(106, 'Jamaica', 'JM'),
	(107, 'Japan', 'JP'),
	(108, 'Jordan', 'JO'),
	(109, 'Kazakhstan', 'KZ'),
	(110, 'Kenya', 'KE'),
	(111, 'Kiribati', 'KI'),
	(112, 'Korea, Democratic People\'s Republic of', 'KP'),
	(113, 'Korea, Republic of', 'KR'),
	(114, 'Kuwait', 'KW'),
	(115, 'Kyrgyzstan', 'KG'),
	(116, 'Lao People\'s Democratic Republic', 'LA'),
	(117, 'Latvia', 'LV'),
	(118, 'Lebanon', 'LB'),
	(119, 'Lesotho', 'LS'),
	(120, 'Liberia', 'LR'),
	(121, 'Libyan Arab Jamahiriya', 'LY'),
	(122, 'Liechtenstein', 'LI'),
	(123, 'Lithuania', 'LT'),
	(124, 'Luxembourg', 'LU'),
	(125, 'Macau', 'MO'),
	(126, 'Macedonia, The Former Yugoslav Republic of', 'MK'),
	(127, 'Madagascar', 'MG'),
	(128, 'Malawi', 'MW'),
	(129, 'Malaysia', 'MY'),
	(130, 'Maldives', 'MV'),
	(131, 'Mali', 'ML'),
	(132, 'Malta', 'MT'),
	(133, 'Marshall Islands', 'MH'),
	(134, 'Martinique', 'MQ'),
	(135, 'Mauritania', 'MR'),
	(136, 'Mauritius', 'MU'),
	(137, 'Mayotte', 'YT'),
	(138, 'Mexico', 'MX'),
	(139, 'Micronesia, Federated States of', 'FM'),
	(140, 'Moldova, Republic of', 'MD'),
	(141, 'Monaco', 'MC'),
	(142, 'Mongolia', 'MN'),
	(143, 'Montserrat', 'MS'),
	(144, 'Morocco', 'MA'),
	(145, 'Mozambique', 'MZ'),
	(146, 'Myanmar', 'MM'),
	(147, 'Namibia', 'NA'),
	(148, 'Nauru', 'NR'),
	(149, 'Nepal', 'NP'),
	(150, 'Netherlands', 'NL'),
	(151, 'Netherlands Antilles', 'AN'),
	(152, 'New Caledonia', 'NC'),
	(153, 'New Zealand', 'NZ'),
	(154, 'Nicaragua', 'NI'),
	(155, 'Niger', 'NE'),
	(156, 'Nigeria', 'NG'),
	(157, 'Niue', 'NU'),
	(158, 'Norfolk Island', 'NF'),
	(159, 'Northern Mariana Islands', 'MP'),
	(160, 'Norway', 'NO'),
	(161, 'Oman', 'OM'),
	(162, 'Pakistan', 'PK'),
	(163, 'Palau', 'PW'),
	(164, 'Panama', 'PA'),
	(165, 'Papua New Guinea', 'PG'),
	(166, 'Paraguay', 'PY'),
	(167, 'Peru', 'PE'),
	(168, 'Philippines', 'PH'),
	(169, 'Pitcairn', 'PN'),
	(170, 'Poland', 'PL'),
	(171, 'Portugal', 'PT'),
	(172, 'Puerto Rico', 'PR'),
	(173, 'Qatar', 'QA'),
	(174, 'Reunion', 'RE'),
	(175, 'Romania', 'RO'),
	(176, 'Russian Federation', 'RU'),
	(177, 'Rwanda', 'RW'),
	(178, 'Saint Kitts and Nevis', 'KN'),
	(179, 'Saint Lucia', 'LC'),
	(180, 'Saint Vincent and the Grenadines', 'VC'),
	(181, 'Samoa', 'WS'),
	(182, 'San Marino', 'SM'),
	(183, 'Sao Tome and Principe', 'ST'),
	(184, 'Saudi Arabia', 'SA'),
	(185, 'Senegal', 'SN'),
	(186, 'Seychelles', 'SC'),
	(187, 'Sierra Leone', 'SL'),
	(188, 'Singapore', 'SG'),
	(189, 'Slovakia (Slovak Republic)', 'SK'),
	(190, 'Slovenia', 'SI'),
	(191, 'Solomon Islands', 'SB'),
	(192, 'Somalia', 'SO'),
	(193, 'South Africa', 'ZA'),
	(194, 'South Georgia and the South Sandwich Islands', 'GS'),
	(195, 'Spain', 'ES'),
	(196, 'Sri Lanka', 'LK'),
	(197, 'St. Helena', 'SH'),
	(198, 'St. Pierre and Miquelon', 'PM'),
	(199, 'Sudan', 'SD'),
	(200, 'Suriname', 'SR'),
	(201, 'Svalbard and Jan Mayen Islands', 'SJ'),
	(202, 'Swaziland', 'SZ'),
	(203, 'Sweden', 'SE'),
	(204, 'Switzerland', 'CH'),
	(205, 'Syrian Arab Republic', 'SY'),
	(206, 'Taiwan', 'TW'),
	(207, 'Tajikistan', 'TJ'),
	(208, 'Tanzania, United Republic of', 'TZ'),
	(209, 'Thailand', 'TH'),
	(210, 'Togo', 'TG'),
	(211, 'Tokelau', 'TK'),
	(212, 'Tonga', 'TO'),
	(213, 'Trinidad and Tobago', 'TT'),
	(214, 'Tunisia', 'TN'),
	(215, 'Turkey', 'TR'),
	(216, 'Turkmenistan', 'TM'),
	(217, 'Turks and Caicos Islands', 'TC'),
	(218, 'Tuvalu', 'TV'),
	(219, 'Uganda', 'UG'),
	(220, 'Ukraine', 'UA'),
	(221, 'United Arab Emirates', 'AE'),
	(222, 'United Kingdom', 'GB'),
	(223, 'United States', 'US'),
	(224, 'United States Minor Outlying Islands', 'UM'),
	(225, 'Uruguay', 'UY'),
	(226, 'Uzbekistan', 'UZ'),
	(227, 'Vanuatu', 'VU'),
	(228, 'Vatican City State (Holy See)', 'VA'),
	(229, 'Venezuela', 'VE'),
	(230, 'Viet Nam', 'VN'),
	(231, 'Virgin Islands (British)', 'VG'),
	(232, 'Virgin Islands (U.S.)', 'VI'),
	(233, 'Wallis and Futuna Islands', 'WF'),
	(234, 'Western Sahara', 'EH'),
	(235, 'Yemen', 'YE'),
	(236, 'Yugoslavia', 'YU'),
	(237, 'Zaire', 'ZR'),
	(238, 'Zambia', 'ZM'),
	(239, 'Zimbabwe', 'ZW');

INSERT IGNORE INTO `goStores_Vista_currencies` (`id`, `code`, `name`, `logo`) VALUES
	(1, 'USD', 'USD - U.S. Dollars', '$'),
	(2, 'AUD', 'AUD - Australian Dollars', '$'),
	(3, 'GBP', 'GBP - British Pounds', ''),
	(4, 'CAD', 'CAD - Canadian Dollars', '$'),
	(5, 'CZK', 'CZK - Czech Koruna', 'Kc'),
	(6, 'DKK', 'DKK - Danish Kroner', 'kr'),
	(7, 'EUR', 'EUR - Euros', ''),
	(8, 'HKD', 'HKD - Hong Kong Dollars', 'HK$'),
	(9, 'HUF', 'HUF - Hungarian Forint', 'Ft'),
	(10, 'ILS', 'ILS - Israeli New Shekels', '?'),
	(11, 'JPY', 'JPY - Japanese Yen', ''),
	(12, 'MXN', 'MXN - Mexican Pesos', '$'),
	(13, 'NZD', 'NZD - New Zealand Dollars', '$'),
	(14, 'NOK', 'NOK - Norwegian Kroner', 'kr'),
	(15, 'PLN', 'PLN - Polish Zlotych', 'zl'),
	(16, 'SGD', 'SGD - Singapore Dollars', '$'),
	(17, 'SEK', 'SEK - Swedish Kronor', 'kr'),
	(18, 'CHF', 'CHF - Swiss Francs', 'CHF'),
	(19, 'CHFA', 'CHF - Swiss Francssss', 'CHFA');

INSERT IGNORE INTO `goStores_Vista_helps` (`id`, `title`, `content`, `type`, `order`) VALUES
	(1, 'Home Page', '<ul>\r\n    <li><span class="rvts10">The List of categories will be displayed on the left side with the option to navigate to subcategories and the related products.</span></li>\r\n    <li>A list of featured products and their thumbnails are displayed with a &lsquo;view more&rsquo; button for the combined products. The &lsquo;Add to cart&rsquo; button is for products without combinations</li>\r\n    <li>If the user logged in is a whole sale user then the whole sale price of the products will be shown otherwise the retail price will be shown.</li>\r\n    <li>A list of 5 new products and 5 top rated items appear on the right side of the page with a link to the details page.</li>\r\n    <li>A user can search for any product by entering the keyword in the &lsquo;search box&rsquo; provided in the top right of the page. Enter the keyword, and then select &lsquo;Search&rsquo; and you will see a search results page. From there, make your selection.\r\n    <meta content="text/html; charset=utf-8" http-equiv="CONTENT-TYPE" />\r\n    <meta content="OpenOffice.org 3.1  (Win32)" name="GENERATOR" /><style type="text/css">\r\n	<!--\r\n		@page { margin: 0.79in }\r\n		P { margin-bottom: 0.08in }\r\n	-->\r\n	</style></li>\r\n</ul>\r\n<p><br />\r\n&nbsp;</p>', 'U', 0),
	(2, 'Log in', '<ul>\r\n    <li>\r\n    <meta content="text/html; charset=utf-8" http-equiv="CONTENT-TYPE" />\r\n    <meta content="OpenOffice.org 3.1  (Win32)" name="GENERATOR" /><style type="text/css">\r\n	<!--\r\n		@page { margin: 0.79in }\r\n		P { margin-bottom: 0.08in }\r\n	--></style>A user can log in to the website using the log in link at the top of every page.</li>\r\n    <li>The user will then be asked to enter their user name and password.</li>\r\n    <li>The user can subscribe for Newsletters if needed.</li>\r\n    <li>The user will be registered as a Retail user by default.</li>\r\n    <li>When finished, the user will select the &lsquo;Log In&rsquo; button to enter the website.</li>\r\n</ul>', 'U', 0),
	(3, 'Sign Up', '<ul>\r\n    <li>\r\n    <meta http-equiv="CONTENT-TYPE" content="text/html;\r\n    charset=utf-8">\r\n    <meta name="GENERATOR" content="OpenOffice.org 3.1\r\n    (Win32)">The user can sign up with the store by selecting the &lsquo;Sign Up&rsquo; link at the top of every page.          </meta>\r\n    </meta>\r\n    </li>\r\n    <li>In the sign up page, the user must enter their user name, password, re enter the password, and add an email address.</li>\r\n    <li>The user name must be unique and all fields are mandatory. Passwords are stored in the database in an encrypted format.</li>\r\n</ul>', 'U', 0),
	(4, 'Forgot password', '<ul>\r\n    <li><span class="rvts10">The login&nbsp; page will have a link to forgot password  page.</span></li>\r\n    <li><span class="rvts10">A user can reset his/her password from the forgot  password page.</span></li>\r\n    <li>If the user provides a valid user name and email address, the store will reset the password and then email the new password to the user.</li>\r\n</ul>\r\n<p>&nbsp;</p>', 'U', 0),
	(5, 'My Account', '<ul style="list-style-position: outside; text-indent: 0px; margin-left: 24px">\r\n    <li class="rvps2"><span class="rvts11">A&nbsp; My Account page link will be shown on the&nbsp; the top of every page for a logged in User.</span></li>\r\n    <li class="rvps2"><span class="rvts11">The My Account page will have links to&nbsp; </span><span class="rvts13">My Profile</span><span class="rvts11">,</span><a class="rvts13" href="file:///C:/Documents%20and%20Settings/Administrator/My%20Documents/Downloads/changes/fwvistacartedits/vistacartuserhelp/vistacartuserhelp/files/CartPage.html">My Cart</a><span class="rvts11">,</span><span class="rvts13"> My Orders</span><span class="rvts11">, My Shipping Address and My Billing Address pages.</span><span class="rvts11"><br />\r\n    </span>&nbsp;</li>\r\n</ul>\r\n<p class="rvps2" style="text-align: left"><strong><span class="rvts12">&nbsp;&nbsp;&nbsp;&nbsp;&nbsp;&nbsp; </span></strong><span class="rvts12"><u><strong>My Profile</strong></u><br />\r\n</span></p>\r\n<ul style="list-style-position: outside; text-indent: 0px; margin-left: 24px">\r\n    <li><span class="rvts11">In this page,the user can edit&nbsp; his email address/password .</span></li>\r\n    <li><span class="rvts11">A user can view the items that has been added to the cart.</span></li>\r\n    <li><span class="rvts11">The user can remove any added item or update the quantity of a particular item.</span></li>\r\n    <li><span class="rvts11">The user can enter promo codes to get a discount.</span></li>\r\n    <li><span class="rvts11">The&nbsp; cart can contain either Digital or Non Digital products at a time.</span></li>\r\n    <li><span class="rvts11">The user can continue adding products to the cart by clicking on the Continue Shopping button.</span></li>\r\n    <li><span class="rvts11">The user can checkout by clicking on the checkout button.</span><span class="rvts11"><br />\r\n    </span></li>\r\n</ul>\r\n<p><strong><span class="rvts12">&nbsp;&nbsp;</span></strong><span class="rvts12">&nbsp;&nbsp;&nbsp;&nbsp;<strong> </strong><u><strong>My Orders</strong></u><br />\r\n</span></p>\r\n<ul style="list-style-position: outside; text-indent: 0px; margin-left: 24px">\r\n    <li><span class="rvts11">In this page, the user can view all their orders.</span><span class="rvts11"><br />\r\n    </span></li>\r\n</ul>\r\n<p class="rvps2"><strong><span class="rvts12">&nbsp;&nbsp;&nbsp;&nbsp; &nbsp; </span></strong><u><strong><span class="rvts12">My Billing Address</span></strong></u><span class="rvts12"><br />\r\n</span></p>\r\n<ul style="list-style-position: outside; text-indent: 0px; margin-left: 24px">\r\n    <li><span class="rvts11">In this page,the user can add/edit the Billing address Information . </span><u><strong><span class="rvts12"><br />\r\n    </span></strong></u></li>\r\n</ul>\r\n<p class="rvps2"><strong><span class="rvts12">&nbsp;&nbsp;&nbsp;&nbsp;&nbsp;&nbsp; </span></strong><u><strong><span class="rvts12">My Shipping Address</span></strong></u><span class="rvts12"><br />\r\n</span></p>\r\n<ul style="list-style-position: outside; text-indent: 0px; margin-left: 24px">\r\n    <li><span class="rvts11">In this page,the user can add/edit the Shipping address Information . </span></li>\r\n</ul>\r\n<p class="rvps2"><strong><span class="rvts12">&nbsp;&nbsp;&nbsp;&nbsp;&nbsp;&nbsp; </span></strong><u><strong><span class="rvts12">My Refund Request</span></strong></u></p>\r\n<ul style="list-style-position: outside; text-indent: 0px; margin-left: 24px">\r\n    <li><span class="rvts11">In this page,the user can&nbsp;make request for&nbsp;refund for the products that he/she has purchased&nbsp;&nbsp;. </span></li>\r\n</ul>\r\n<p class="rvps2"><strong><span class="rvts12">&nbsp;&nbsp;&nbsp;&nbsp;&nbsp;&nbsp; </span></strong><u><strong><span class="rvts12">My Giftcards</span></strong></u><span class="rvts12"><br />\r\n</span></p>\r\n<ul style="list-style-position: outside; text-indent: 0px; margin-left: 24px">\r\n    <li><span class="rvts11">In this page,the user can&nbsp;view the giftcards and the&nbsp;balance amount of&nbsp;each giftcard that he/she has purchased&nbsp;. </span></li>\r\n</ul>\r\n<p class="rvps2"><strong><span class="rvts12">&nbsp;&nbsp;&nbsp;&nbsp;&nbsp;&nbsp; </span></strong><u><strong><span class="rvts12">My Giftcard Usage</span></strong></u></p>\r\n<ul style="list-style-position: outside; text-indent: 0px; margin-left: 24px">\r\n    <li><span class="rvts11">In this page,the user can view the list of giftcards&nbsp; that he has used for&nbsp;the product purchases from the website along with the amount used for each purchase.</span>&nbsp;</li>\r\n</ul>\r\n<p><strong>&nbsp;&nbsp;&nbsp;&nbsp; <u>Unsubscribe Newsletter</u></strong><span class="rvts12"><br />\r\n</span></p>\r\n<ul style="list-style-position: outside; text-indent: 0px; margin-left: 24px">\r\n    <li><span class="rvts11">This link allows the user to subscribe/unsubscribe newsletter.</span>&nbsp;</li>\r\n</ul>\r\n<p>&nbsp;</p>\r\n<p class="rvps2"><span class="rvts12"><br />\r\n</span></p>', 'U', 0),
	(6, 'Product Details Page', '<ul style="list-style-position: outside; text-indent: 0px;">\r\n    <li class="rvps2"><span class="rvts10">The details of each product such as the name and description are displayed here.</span></li>\r\n    <li class="rvps2"><span class="rvts10">The images of the product appear in an image slider with a &lsquo;next&rsquo; and &lsquo;previous&rsquo; button to help navigate.</span></li>\r\n    <li class="rvps2"><span class="rvts10">The current rating and price of the product are shown under the &lsquo;Product Image Slider&rsquo;.</span></li>\r\n    <li class="rvps2">If the logged in user is a wholesale user then both wholesale and retail price of products will be shown.</li>\r\n    <li class="rvps2"><span class="rvts10">The product is rated by selecting the stars, so viewers can determine what the best selection will be.</span></li>\r\n    <li class="rvps2"><span class="rvts10">Various combinations of the product appear when the user selects the desired option from the select box. The image, SKU number, and price appear here with an &lsquo;Add to Cart&rsquo; button. <br />\r\n    </span></li>\r\n    <li class="rvps2"><span class="rvts10">Any user can view/post feedback on a product by selecting the &lsquo;post&rsquo; and &lsquo;view&rsquo; feedback links on the bottom. To post, the customer must purchase the same product at least once.<br />\r\n    </span></li>\r\n</ul>\r\n<p>&nbsp;</p>', 'U', 0),
	(7, 'Cart Page', '<ul style="text-indent: 0px;list-style-position: outside;">\r\n    <li class="rvps2"><span class="rvts10">A user can view the items that are added to the cart.<br />\r\n    </span></li>\r\n    <li class="rvps2"><span class="rvts10">The user can remove any added  item or update the quantity of a particular item.</span></li>\r\n    <li class="rvps2"><span class="rvts10">If you have a promo code, you can enter it here.</span></li>\r\n    <li class="rvps2"><span class="rvts10">The cart can contain all physical products or all downloadable products here.</span></li>\r\n    <li class="rvps2"><span class="rvts10">The user can continue adding  products to the cart by clicking on the Continue Shopping button.</span></li>\r\n    <li class="rvps2"><span class="rvts10">Select the &lsquo;Check out&rsquo; button when you are finished adding products.</span></li>\r\n</ul>', 'U', 0),
	(8, 'Checkout', '<p><span class="rvts10">When you select the &lsquo;Check out from Carts Page&rsquo;, if you aren&rsquo;t logged in, the system will allow you to do so if you register to the store, or purchase as a guest. </span><span class="rvts10"><br />\r\n</span></p>\r\n<ul style="text-indent: 0px;list-style-position: outside;">\r\n    <li class="rvps2"><span class="rvts10">When you select the &lsquo;Check out&rsquo; button on the carts page, the user will then have two options. You can log in by registering to the store, or purchase the product as a guest. <br />\r\n    </span></li>\r\n    <li class="rvps2"><span class="rvts10">When you select the &lsquo;Check out as a guest&rsquo; button a link will automatically create your log in credentials as a &lsquo;guest user&rsquo;. From here, you have full access to the store. <br />\r\n    </span></li>\r\n    <li><span class="rvts10">The guest user must enter the correct shipping and billing information. Just select the &lsquo;Billing email address&rsquo; text box.&nbsp; The new log in details of the guest user are then sent to that email address.</span></li>\r\n</ul>\r\n<p>&nbsp;</p>\r\n<p>&nbsp;</p>', 'U', 0),
	(9, 'Billing/ Shipping Address', '<p>\r\n<meta http-equiv="CONTENT-TYPE" content="text/html; charset=utf-8">\r\n<meta name="GENERATOR" content="OpenOffice.org 3.1  (Win32)"><style type="text/css">\r\n	<!--\r\n		@page { margin: 0.79in }\r\n		P { margin-bottom: 0.08in }\r\n	-->\r\n	</style>    </meta>\r\n</meta>\r\nDuring the check out process, the system will ask for the user&rsquo;s billing &amp; shipping address for non digital products and billing address for digital products. If the user has already entered these addresses, then the&nbsp;user can edit them here. For a non digital product, the user can select a shipping option. After they select the &lsquo;Save Addresses&rsquo; button, the store will lead the user to the shipping address page and show the rate available.&nbsp;</p>', 'U', 0),
	(10, 'Payment Selection', '<p>The store will show a &lsquo;Payment Selection&rsquo; page that shows all of the payment options available. Please enter the payment information as directed. The store will send you an email with all the details.</p>', 'U', 0),
	(11, 'Search For a product', '<ul>\r\n    <li>The store supports category and keyword searches.</li>\r\n    <li>For category searches- the user can navigate through the category. When they select a leaf level category, the website will show all products under that category.</li>\r\n    <li>For keyword searches- the user has to enter the item in the search text box at the top of the home page. When they select the &lsquo;Search&rsquo; button, the user will get their search results. </li>\r\n</ul>', 'U', 0),
	(12, 'View your orders', '<p>In order to see the orders placed by a customer, they can select &lsquo;My account page&rsquo;-&gt; My Orders links. This page will list all the orders. To view other details, the customer has to select the &lsquo;order number&rsquo;. From the order details page, the customer can change the order status to &lsquo;Order Accepted&rsquo;.</p>', 'U', 0),
	(13, 'Settings', '<p>In this page, the administrator can manage the website configurations. It consists of 4 Submenus:</p>\r\n\r\n<p><u><strong>General</strong></u></p>\r\n\r\n<p>In the General Settings Page, the administrator can change the Name, email, logo, template, page title, Meta tag description, URL store location, and the number of images per products.<br />\r\nThe administrator can enable/disable the Gift Coupons (Promo code), rating on products by customers, feedback posts on products, and send orders to administrator via fax.<br />\r\nThey can also give a time limit to customers for downloading the digital products they purchase from the store.&nbsp;</p>\r\n\r\n<p><strong><u>Shipping</u></strong></p>\r\n\r\n<p>The store supports five flat rate shipping and shipping API&rsquo;S: UPS, USPS, FEDEX, Canada Post, and Australia Post. Use flat rate shipping if you don&rsquo;t want to calculate the real time shipping costs using the shipping API&rsquo;s. For flat rate shipping, admin can set the shipping charge for the first item and a separate charge for any additional items. The administrator can enable/disable all the shipping methods if they want.They can also give the shipping service name.In shipping tab,the administrator must enter the shipping orirgin postal code and country.</p>\r\n\r\n<p>&nbsp;<strong><u>Payment</u></strong></p>\r\n\r\n<p>&nbsp;</p>\r\n\r\n<p>In the payment Page, the administrator can enable/disable the payment gateways.&nbsp; They can also select the currency for all transactions. The store supports offline credit card payment, and payment gateways like: PayPal, Authorize.net, Your Pay, World Pay, Blue Pay and Google Checkout.<br />\r\n&nbsp;If offline payment is selected the credit card information is not verified online, so please verify and charge using POS before shipping. This offline payment is a good solution for physical retail stores. If you enable an offline credit card payment, the site will not receive any payment transactions from your customers; it will send the credit card information in an email to the site administrator.<br />\r\nIt is necessary to enable at least one payment method&nbsp; for your site.</p>\r\n\r\n<p><strong><u>Tax</u></strong></p>\r\n\r\n<p>In the tax settings page, the administrator can manage the tax settings in the website. This page has two tabs: General, and Tax Rates</p>\r\n\r\n<p>In the General settings tab- the administrator can opt for no tax to all customers, a fixed tax rate, or tax based on any country/state. The administrator can also choose the base to categorize the taxes as subtotal or subtotal + shipping. The administrator can use taxable address as a billing address or shipping address.</p>\r\n\r\n<p>If the administrator opts fixed tax rates, they can create a tax name.&nbsp;</p>\r\n\r\n<p>If the administrator wants a specific tax based on a state and/or country, the tax rate tab is enabled.</p>\r\n\r\n<p>In this tab, the administrator can add/edit/delete any/tax rates for states or countries. In most jurisdictions you collect taxes for states with nexus, based on the shipping address. For example: if you have a store in the state of California, you have to collect taxes from all customers in California. Please obtain legal advice for your local tax laws.</p>\r\n\r\n<p>&nbsp;</p>\r\n', 'A', 1),
	(17, 'Import Product & Images', '<p>&nbsp;</p>\r\n\r\n<p>The shopping cart allows you to import products in bulk using .csv file (comma separated values) and .zip format(s).</p>\r\n\r\n<p>To import products- you must upload the csv file to the site using the sample csv format provided and match the data fields. When you select the &lsquo;save&rsquo; button all of your products will import into the website</p>\r\n\r\n<p>To import product images- you must&nbsp;create a zip files with&nbsp;the images you want to upload for a particular product.The name of the zip file should be same as that of the product name.</p>\r\n\r\n<p>&nbsp;</p>\r\n', 'A', 7),
	(14, 'Custom Variables', '<p style="margin-bottom: 0in;">In the custom fields and values tab, the administrator can manage all product variables and their values. For example: if your site sells clothes, you may have a shirt in your product list. The shirt can have different variants like size (XL,XXL,etc) color (blue, red), and fabric (cotton, polyester).</p>\r\n<p style="margin-bottom: 0in;">For the site you can add The Size, Color, and Fabric as custom fields. The XL,XXL, Blue, Red, and Cotton, Polyester, are the custom field values.</p>\r\n<p style="margin-bottom: 0in;">&nbsp;</p>', 'A', 4),
	(15, 'Categories', '<p>\r\n<meta http-equiv="CONTENT-TYPE" content="text/html; charset=utf-8">\r\n<title></title>\r\n<meta name="GENERATOR" content="OpenOffice.org 3.1  (Win32)"><style type="text/css">\r\n	<!--\r\n		@page { margin: 0.79in }\r\n		P { margin-bottom: 0.08in }\r\n	-->\r\n	</style>     </meta>\r\n</meta>\r\n</p>\r\n<p style="margin-bottom: 0in;">The store allows you to create any number of levels of categories on your site. You can add products to leaf level categories only. When adding categories you can assign custom fields and values only applicable to that category.</p>\r\n<p style="margin-bottom: 0in;">&nbsp;</p>', 'A', 5),
	(16, 'Products', '<p style="margin-left: 200px;">\r\n<meta content="text/html; charset=utf-8" http-equiv="CONTENT-TYPE">\r\n<title></title>\r\n<meta content="OpenOffice.org 3.1  (Win32)" name="GENERATOR"><style type="text/css">\r\n	<!--\r\n		@page { margin: 0.79in }\r\n		P { margin-bottom: 0.08in }\r\n	-->\r\n	</style>  </meta>\r\n</meta>\r\n</p>\r\n<p>&nbsp;In the products tab, you can add/edit/delete products.</p>\r\n<p style="margin-bottom: 0in;">To add a product- you must first select a category, enter the product name, description, price, weight, and then select physical or downloadable, set feature/not feature, browse images, select the SKU number, additional amount, and re order level for each custom value combination.</p>\r\n<p style="margin-bottom: 0in;">For custom value combinations- you can upload the product image</p>\r\n<p style="margin-bottom: 0in;">Examples: if you upload a t-shirt, it might be red,XL, cotton, Blue, XXL, cotton, and red XXL, cotton. Each one will have a different image, stock, re order number, and batch number. Some combinations might have an additional price. That can also be managed here.</p>\r\n<p style="margin-bottom: 0in;">&nbsp;</p>\r\n<p>&nbsp;</p>', 'A', 6),
	(18, 'Feedback', '<p style="margin-bottom: 0in;">In the feedback page, the administrator can view customer feedback about the website and the products. Only customers who purchased a product at least once are allowed to give feedback on that product.</p>\r\n<p style="margin-bottom: 0in;">&nbsp;</p>\r\n<p>&nbsp;</p>', 'A', 8),
	(19, 'Users', '<p>\r\n<meta content="text/html; charset=utf-8" http-equiv="CONTENT-TYPE">\r\n<meta content="OpenOffice.org 3.1  (Win32)" name="GENERATOR"><style type="text/css">\r\n	<!--\r\n		@page { margin: 0.79in }\r\n		P { margin-bottom: 0.08in }\r\n	-->\r\n	</style>  </meta>\r\n</meta>\r\nIn the user page, the administrator can view, edit, and delete customers registered with the site.</p>\r\n<p style="margin-bottom: 0in;">&nbsp;</p>\r\n<p>&nbsp;</p>', 'A', 9),
	(20, 'Orders', '<p>\r\n<meta http-equiv="CONTENT-TYPE" content="text/html; charset=utf-8">\r\n<title></title>\r\n<meta name="GENERATOR" content="OpenOffice.org 3.1  (Win32)"><style type="text/css">\r\n	<!--\r\n		@page { margin: 0.79in }\r\n		P { margin-bottom: 0.08in }\r\n	-->\r\n	</style>     </meta>\r\n</meta>\r\nIn the orders page, the administrator can view the details of the orders. They can change the order status and add comments for internal use.</p>\r\n<p style="margin-bottom: 0in;">&nbsp;</p>', 'A', 15),
	(21, 'Website Contents', '<p>\r\n<meta content="text/html; charset=utf-8" http-equiv="CONTENT-TYPE">\r\n<title></title>\r\n<meta content="OpenOffice.org 3.1  (Win32)" name="GENERATOR"><style type="text/css">\r\n	<!--\r\n		@page { margin: 0.79in }\r\n		P { margin-bottom: 0.08in }\r\n	-->\r\n	</style>       </meta>\r\n</meta>\r\nIn the website content page, the administrator can edit content for the About Us section, the FAQ section, and the Terms and Conditions pages.</p>\r\n<p style="margin-bottom: 0in;">&nbsp;</p>', 'A', 2),
	(22, 'Email Templates', '<p>\r\n<meta content="text/html; charset=utf-8" http-equiv="CONTENT-TYPE">\r\n<title></title>\r\n<meta content="OpenOffice.org 3.1  (Win32)" name="GENERATOR"><style type="text/css">\r\n	<!--\r\n		@page { margin: 0.79in }\r\n		P { margin-bottom: 0.08in }\r\n	-->\r\n	</style>   </meta>\r\n</meta>\r\nIn the email templates page, the administrator can view and edit the email templates for emails to send from the website.</p>\r\n<p style="margin-bottom: 0in;">&nbsp;</p>\r\n<p>&nbsp;</p>', 'A', 3),
	(24, 'Promo Codes', '<p>\r\n<meta content="text/html; charset=utf-8" http-equiv="CONTENT-TYPE">\r\n<title></title>\r\n<meta content="OpenOffice.org 3.1  (Win32)" name="GENERATOR"><style type="text/css">\r\n	<!--\r\n		@page { margin: 0.79in }\r\n		P { margin-bottom: 0.08in }\r\n	-->\r\n	</style>       </meta>\r\n</meta>\r\nIn the promo codes tab, the administrators can add/edit/delete promo codes.</p>\r\n<p style="margin-bottom: 0in;">For the promo codes, the administrator inputs a promo code, discount type as a fixed amount or rate, discount value, start and end dates, the minimum amount required, and the description of the promo code.</p>\r\n<p style="margin-bottom: 0in;">&nbsp;</p>', 'A', 10),
	(25, 'Reports', '<p>Product reports, sales reports,user activity reports, user reports, and promo code reports are the reports generated in the store. All of the reports can be be exported in. CSV and .XLS file formats.</p>\r\n<p><b><u> </u></b></p>\r\n<p><b><u><span id="1285830993889S" style="display: none">&nbsp;</span>Product Report</u></b></p>\r\n<p><b><u> </u></b></p>\r\n<p>&nbsp;</p>\r\n<p>In the products report, the website will show the Product name,Stock available, and the Total revenue.</p>\r\n<p><b><u> </u></b></p>\r\n<p><b><u>Sales Report</u></b></p>\r\n<p><b><u> </u></b></p>\r\n<p>&nbsp;</p>\r\n<p>In the sales report,the website will show the Order number,sales date, purchased user, Order status, promo code used to purchase, discount given and the total price.</p>\r\n<p><b><u> </u></b></p>\r\n<p><b><u>User Report</u></b></p>\r\n<p><b><u> </u></b></p>\r\n<p>&nbsp;</p>\r\n<p>In user reports , the website will show the details like username, Name of the customer,Email address, registration date in the website, address and other customer details.</p>\r\n<p><b><u> </u></b></p>\r\n<p><b><u>User Activity Report</u></b></p>\r\n<p><b><u> </u></b></p>\r\n<p>&nbsp;</p>\r\n<p>In user activity reports , the website will show the details like Order date,Order status,Shipping address,Billing address,Total of all the purchases made by a particular customer.</p>\r\n<p><b><u> </u></b></p>\r\n<p><b><u>Promo Code Report</u></b></p>\r\n<p><b><u> </u></b></p>\r\n<p>&nbsp;</p>\r\n<p>In promo code report, the system will show the details of the promo codes used by the customers.This details include code, Order number,Order date,Order status and discount value.</p>', 'A', 16),
	(26, 'Newsletter Subscribers', '<p>In this page, the user can view the list of the users subscribed for Newsletters,add new newsletter users,activiate or deactivate the users for newsletter subscription.</p>', 'A', 14),
	(27, 'Newsletters', '<p>In this page, the administrator can add/edit Newsletters,Send newsletter to retail users or wholesale users or both.</p>', 'A', 13),
	(28, 'Giftcards', '<p>In this page administrator can add/edit giftcards.These gift cards will be displayed along with the products for purchase&nbsp;on user side.</p>', 'A', 11),
	(29, 'Giftcard Users', '<p>In this page,the administrator can view the list of users who has used giftcards for purchases.It shows details such as Card name,Used card code,date,Amount used.</p>', 'A', 12),
	(34, 'Sample Content', '<p>Sample Content</p>\r\n', 'A', 0);

INSERT IGNORE INTO `goStores_Vista_homelayouts` (`id`, `prod_type`, `section`, `status`, `ordering`) VALUES
	(1, 'featured', 'right', 'Y', 2),
	(2, 'latest', 'right', 'Y', 1),
	(4, 'onsale', 'right', 'Y', 3);

INSERT IGNORE INTO `goStores_Vista_order_statuses` (`id`, `name`) VALUES
	(1, 'Unprocessed'),
	(2, 'Processed'),
	(3, 'Failed'),
	(4, 'Pending'),
	(5, 'Manually Processed'),
	(6, 'Canceled'),
	(7, 'Shipped'),
	(8, 'Completed'),
	(9, 'Partial Shipped'),
	(10, 'Backordered');

INSERT IGNORE INTO `goStores_Vista_refundoptions` (`id`, `title`) VALUES
	(1, 'Refund'),
	(2, 'Repair'),
	(3, 'Replacement');

INSERT IGNORE INTO `goStores_Vista_refundreasons` (`id`, `title`) VALUES
	(1, 'Can not make it work'),
	(2, 'Damaged during shipping'),
	(3, 'Dead on arrival'),
	(4, 'Manufacturer defect'),
	(5, 'Out of Warranty'),
	(6, 'Wrong item ordered'),
	(7, 'Wrong description online'),
	(8, 'Wrong item delivered');

INSERT IGNORE INTO `goStores_Vista_refundstatuses` (`id`, `title`) VALUES
	(1, 'Waiting for review'),
	(2, 'Reviewed'),
	(3, 'Rejected'),
	(4, 'Closed'),
	(5, 'Approved');

INSERT IGNORE INTO `goStores_Vista_settings` (`fieldname`, `value`) VALUES
	('admin_email', ''),
	('site_name', 'My Account'),
	('payment_method', 'paypal-*-twocheckout-*-paypalpro-*-paypalflow-*-paypallink-*-paypaladvanced-*-ogone-*-braintree-*-moneybrokers-*-paypal_express-*-authorize-*-googlechk'),
	('paypal_email', ''),
	('paypal_idtoken', ''),
	('paypal_testmode', 'N'),
	('authorize_loginid', ''),
	('authorize_transactionkey', ''),
	('authorize_email', ''),
	('authorize_password', ''),
	('authorize_testmode', 'N'),
	('shipping_origin_country', ''),
	('shipping_origin_zip', ''),
	('sitebasefolder', ''),
	('smtpHostNames', ''),
	('smtpUserName', ''),
	('smtpPassword', ''),
	('smtpPort', '587'),
	('meta_description', 'My Store Using shopping cart , You can create a virtual mall like aggregator ecommerce business wit'),
	('meta_keywords', 'my store arms,boutique,shopping cart, shopping cart software, shopping carts, ecommerce software, ecommerce solution,  PHP'),
	('shipping_require', 'N'),
	('currency', 'USD'),
	('style', 'Garments'),
	('page_title', 'My Store'),
	('no_tax_home', 'Y'),
	('home_state', ''),
	('tax_foreign', '0'),
	('digitalproduct_download_limit', '48'),
	('shipping_require_usps', 'N'),
	('shipping_require_fedex', 'N'),
	('shipping_require_canada', 'N'),
	('shipping_require_australia', 'N'),
	('USPS_Username', ''),
	('fedexaccno', ''),
	('fedexmeterno', ''),
	('canadamerchantid', ''),
	('enable_twitter', 'Y'),
	('worldpay_inst_Id', ''),
	('worldpay_email', ''),
	('worldpay_transact_method', 'C'),
	('google_merchantId', ''),
	('google_merchantkey', ''),
	('google_testmode', 'Yes'),
	('yourpay_testmod', 'YES'),
	('yourpay_storeid', ''),
	('yourpay_certificate_file', ''),
	('allow_rating', 'Y'),
	('allow_product_feedback', 'Y'),
	('flat_shipping_first', '2'),
	('flat_shipping_additional', '1'),
	('tax_option', 'statetax'),
	('fixedtax_name', 'Iinfini Tax'),
	('fixedtax_rate', '15'),
	('taxable_address', 'shipping'),
	('taxto', 'gtotal'),
	('product_images', '6'),
	('flat_ship_name', 'Flat Rate Shipping1'),
	('secflat_shipping_first', '3'),
	('secflat_shipping_additional', '2'),
	('secflat_ship_name', 'Flat Rate Shipping2'),
	('thirdflat_shipping_first', '4'),
	('thirdflat_shipping_additional', '3'),
	('thirdflat_ship_name', 'Flat Rate Shipping3'),
	('forthflat_shipping_first', '3'),
	('forthflat_shipping_additional', '2'),
	('forthflat_ship_name', 'Flat Rate Shipping4'),
	('fflat_shipping_require', 'N'),
	('sflat_shipping_require', 'N'),
	('tflat_shipping_require', 'N'),
	('foflat_shipping_require', 'N'),
	('allow_giftcoupon', 'Y'),
	('allow_fax', 'Y'),
	('fax_email', ''),
	('fax_number', ''),
	('guestnumber', '23'),
	('offline_creditpay', 'Y'),
	('allow_rma', 'Y'),
	('allow_giftcard', 'Y'),
	('offline_creditpay', 'Y'),
	('allow_rma', 'Y'),
	('fedexshipaccno', ''),
	('fedexbillaccno', ''),
	('fedexdutyaccno', ''),
	('fedexkey', ''),
	('fedexpaswd', ''),
	('items_perpage', '50'),
	('allow_fedexlabel', 'Y'),
	('shipping_origin_state', 'AK'),
	('bp_account', '100042832485'),
	('bp_secret', ''),
	('bp_testmode', 'Y'),
	(' vLicenceKey', ''),
	('vLicenceKey', '140CSI270101000011399221112STP'),
	('enable_googleanalytics', 'N'),
	('googleanalytic_id', ''),
	('admin_blog_settings', 'N'),
	('enable_paypal_express', 'N'),
	('paypal_express_password', ''),
	('twocheckout_testmode', 'Y'),
	('twoco_vendorId', '1877160'),
	('paypal_express_username', ''),
	('paypal_express_signature', ''),
	('moneybookers_emailId', ''),
	('paypalpro_username', ''),
	('paypal_express_testmode', 'N'),
	('paypalpro_password', ''),
	('paypalpro_signature', ''),
	('paypalpro_testmode', 'N'),
	('pay_paypalpro', ''),
	('paypalflow_partnerid', ''),
	('paypalflow_vendorid', ''),
	('paypalflow_password', ''),
	('paypalflow_testmode', 'N'),
	('paypallink_partnerid', ''),
	('paypallink_vendorid', ''),
	('paypallink_testmode', 'N'),
	('user_credit', '1.00'),
	('worldpay_merchantcode', ''),
	('worldpay_password', ''),
	('worldpay_testmode', '100'),
	('enable_facebook', 'Y'),
	('facebook_url', 'http://www.facebook.com/mystore'),
	('twitter_url', 'http://www.twitter.com/mystore'),
	('ogone_PSPID', ''),
	('ogone_passphrase', ''),
	('ogone_testmode', 'Y'),
	('shipping_origin_phone', ''),
	('shipping_origin_street', ''),
	('shipping_origin_city', ''),
	('streamsendLoginID', ''),
	('streamsendKey', ''),
	('streamsendListID', '1'),
	('streamsendEnable', 'N'),
	('paypal_advancedPWD', ''),
	('paypal_advancedUSER', ''),
	('paypal_advancedVENDOR', ''),
	('paypal_advancedPARTNER', ''),
	('paypal_advancedtestmode', 'Y'),
	('allow_uspslabel', 'N'),
	('braintree_merchantId', ''),
	('braintree_publicKey', ''),
	('braintree_privateKey', ''),
	('braintree_testmode', 'Y'),
	('abdncart_reminder', '2'),
	('store_id', '40008b9a5380fcacce3976bf7c08af5b'),
	('shipping_rate_type', 'free'),
	('enable_translator', 'Y'),
	('allow_upsell', 'N'),
	('apikey', ''),
	('taxation_type', '1'),
	('fixed_tax_rate', '0'),
	('cc_surcharge', ''),
	('in_store_pickup', '0'),
	('firearms_in_store_pickup', '0'),
	('firearms_fee', '0'),
	('general_shipping_fee', '0'),
	('markup_defaultrate', '0'),
	('bluedog_userid', ''),
	('bluedog_api_key', ''),
	('bluedog_password', ''),
	('bluedog_testmode', 'Y'),
	('customer_receipt', 'Your item will be shipped soon'),
	('ship_service_name', 'Flat rate shipping'),
	('contact_email', ''),
	('contact_phone', ''),
	('about_description', 'Precision Arsenal shares your passion for long range precision, cowboy action shooting, 3 gun competition, gun collecting, hunting, and self defense. We are also proud to serve those who defend our 2nd Amendment rights. We update specials often and are constantly adding to our inventory of pistols, handguns, rifles, shotguns, ammunition, and accessories. Stay up to date by following us on Instagram, Facebook, and Twitter. \r\nRespectfully, \r\nThe Precision Arsenal Team.'),
	('incl_ship_charge_for_tax', '0'),
	('enable_local_pick_up', 'N'),
	('site_email', ''),
	('ffl_file', ''),
	('ffl_id', ''),
	('dynamic_tax_rate', '0'),
	('store_address', ''),
	('subscribed_planid', '2'),
	('subscribed_templateid', '4'),
	('appearance_colorscheme', ''),
	('appearance_backdrop', ''),
	('appearance_layout', ''),
	('appearance_bgimage', ' '),
	('appearance_bgfit', ''),
	('site_logo', 'SiteLogo.png'),
	('inventory_plugin_status', '0'),
	('inventory_form_fill_status', '0'),
	('invsrc_authtoken', ''),
	('main_site', ''),
	('super_admin_email', ''),
	('stripe_webhook_secret_key', ''),
	('stripe_test_mode', 'Y'),
	('stripe_sandbox_secretkey', ''),
	('stripe_sandbox_publishkey', ''),
	('stripe_live_webhook_secret_key', ''),
	('stripe_live_secretkey', ''),
	('stripe_live_publishkey', ''),
	('stripe_enable', 'N');

INSERT IGNORE INTO `goStores_Vista_shipping_rates` (`id`, `ship_rate_type`, `ship_rate_name`, `free_ship_type`, `min_value`, `max_value`, `currency`, `weight_type`, `ship_rate`, `ship_other_rate`) VALUES
	(1, 'free', 'Free shipping', 'order_price', 0.00, 100.00, '$', '', 0.00, 0.00);

INSERT IGNORE INTO `goStores_Vista_statecodes` (`id`, `code`, `name`, `country_id`) VALUES
	(1, 'AK', 'Alaska', '223'),
	(2, 'AL', 'Alabama', '223'),
	(3, 'AR', 'Arkansas', '223'),
	(4, 'AS', 'American Samoa', '223'),
	(5, 'AZ', 'Arizona', '223'),
	(6, 'CA', 'California', '223'),
	(7, 'CO', 'Colorado', '223'),
	(8, 'CT', 'Connecticut', '223'),
	(9, 'DC', 'D.C.', '223'),
	(10, 'DE', 'Delaware', '223'),
	(11, 'FL', 'Florida', '223'),
	(12, 'FM', 'Micronesia', '223'),
	(13, 'GA', 'Georgia', '223'),
	(14, 'GU', 'Guam', '223'),
	(15, 'HI', 'Hawaii', '223'),
	(16, 'IA', 'Iowa', '223'),
	(17, 'ID', 'Idaho', '223'),
	(18, 'IL', 'Illinois', '223'),
	(19, 'IN', 'Indiana', '223'),
	(20, 'KS', 'Kansas', '223'),
	(21, 'KY', 'Kentucky', '223'),
	(22, 'LA', 'Louisiana', '223'),
	(23, 'MA', 'Massachusetts', '223'),
	(24, 'MD', 'Maryland', '223'),
	(25, 'ME', 'Maine', '223'),
	(26, 'MH', 'Marshall Islands', '223'),
	(27, 'MI', 'Michigan', '223'),
	(28, 'MN', 'Minnesota', '223'),
	(29, 'MO', 'Missouri', '223'),
	(30, 'MP', 'Marianas', '223'),
	(31, 'MS', 'Mississippi', '223'),
	(32, 'MT', 'Montana', '223'),
	(33, 'NC', 'North Carolina', '223'),
	(34, 'ND', 'North Dakota', '223'),
	(35, 'NE', 'Nebraska', '223'),
	(36, 'NH', 'New Hampshire', '223'),
	(37, 'NJ', 'New Jersey', '223'),
	(38, 'NM', 'New Mexico', '223'),
	(39, 'NV', 'Nevada', '223'),
	(40, 'NY', 'New York', '223'),
	(41, 'OH', 'Ohio', '223'),
	(42, 'OK', 'Oklahoma', '223'),
	(43, 'OR', 'Oregon', '223'),
	(44, 'PA', 'Pennsylvania', '223'),
	(45, 'PR', 'Puerto Rico', '223'),
	(46, 'PW', 'Palau', '223'),
	(47, 'RI', 'Rhode Island', '223'),
	(48, 'SC', 'South Carolina', '223'),
	(49, 'SD', 'South Dakota', '223'),
	(50, 'TN', 'Tennessee', '223'),
	(51, 'TX', 'Texas', '223'),
	(52, 'UT', 'Utah', '223'),
	(53, 'VA', 'Virginia', '223'),
	(54, 'VI', 'Virgin Islands', '223'),
	(55, 'VT', 'Vermont', '223'),
	(56, 'WA', 'Washington', '223'),
	(57, 'WI', 'Wisconsin', '223'),
	(58, 'WV', 'West Virginia', '223'),
	(59, 'WY', 'Wyoming', '223'),
	(60, 'AA', 'Military Americas', '223'),
	(61, 'AE', 'Military Europe)ME)Canada', '223'),
	(62, 'AP', 'Military Pacific', '223');

INSERT IGNORE INTO `goStores_Vista_states` (`id`, `code`, `name`, `country_id`, `tax_rate`, `tax_name`) VALUES
	(1, 'AK', 'Alaska', 'US', 20.00, 'Sales Tax'),
	(2, 'AL', 'Alabama', 'US', 0.00, ''),
	(3, 'AR', 'Arkansas', 'US', 0.00, ''),
	(4, 'AS', 'American Samoa', 'US', 0.00, ''),
	(5, 'AZ', 'Arizona', 'US', 0.00, ''),
	(6, 'CA', 'California', 'US', 10.00, ''),
	(7, 'CO', 'Colorado', 'US', 0.00, ''),
	(8, 'CT', 'Connecticut', 'US', 0.00, ''),
	(9, 'DC', 'D.C.', 'US', 0.00, ''),
	(10, 'DE', 'Delaware', 'US', 0.00, ''),
	(11, 'FL', 'Florida', 'US', 0.00, ''),
	(12, 'FM', 'Micronesia', 'US', 0.00, ''),
	(13, 'GA', 'Georgia', 'US', 0.00, ''),
	(14, 'GU', 'Guam', 'US', 0.00, ''),
	(15, 'HI', 'Hawaii', 'US', 0.00, ''),
	(16, 'IA', 'Iowa', 'US', 0.00, ''),
	(17, 'ID', 'Idaho', 'US', 0.00, ''),
	(18, 'IL', 'Illinois', 'US', 0.00, ''),
	(19, 'IN', 'Indiana', 'US', 0.00, ''),
	(20, 'KS', 'Kansas', 'US', 0.00, ''),
	(21, 'KY', 'Kentucky', 'US', 0.00, ''),
	(22, 'LA', 'Louisiana', 'US', 0.00, ''),
	(23, 'MA', 'Massachetts', 'US', 0.00, ''),
	(24, 'MD', 'Maryland', 'US', 0.00, ''),
	(25, 'ME', 'Maine', 'US', 0.00, ''),
	(26, 'MH', 'Marshall Islands', 'US', 0.00, ''),
	(27, 'MI', 'Michigan', 'US', 0.00, ''),
	(28, 'MN', 'Minnesota', 'US', 0.00, ''),
	(29, 'MO', 'Missouri', 'US', 0.00, ''),
	(30, 'MP', 'Marianas', 'US', 0.00, ''),
	(31, 'MS', 'Mississippi', 'US', 0.00, ''),
	(32, 'MT', 'Montana', 'US', 0.00, ''),
	(33, 'NC', 'North Carolina', 'US', 0.00, ''),
	(34, 'ND', 'North Dakota', 'US', 0.00, ''),
	(35, 'NE', 'Nebraska', 'US', 0.00, ''),
	(36, 'NH', 'New Hampshire', 'US', 0.00, ''),
	(37, 'NJ', 'New Jersey', 'US', 0.00, ''),
	(38, 'NM', 'New Mexico', 'US', 0.00, ''),
	(39, 'NV', 'Nevada', 'US', 0.00, ''),
	(40, 'NY', 'New York', 'US', 0.00, ''),
	(41, 'OH', 'Ohio', 'US', 0.00, ''),
	(42, 'OK', 'Oklahoma', 'US', 15.00, 'Oklahoma tax'),
	(43, 'OR', 'Oregon', 'US', 0.00, ''),
	(44, 'PA', 'Pennsylvania', 'US', 0.00, ''),
	(45, 'PR', 'Puerto Rico', 'US', 0.00, ''),
	(46, 'PW', 'Palau', 'US', 0.00, ''),
	(47, 'RI', 'Rhode Island', 'US', 0.00, ''),
	(48, 'SC', 'South Carolina', 'US', 0.00, ''),
	(49, 'SD', 'South Dakota', 'US', 0.00, ''),
	(50, 'TN', 'Tennessee', 'US', 0.00, ''),
	(51, 'TX', 'Texas', 'US', 0.00, ''),
	(52, 'UT', 'Utah', 'US', 0.00, ''),
	(53, 'VA', 'Virginia', 'US', 0.00, ''),
	(54, 'VI', 'Virgin Islands', 'US', 0.00, ''),
	(55, 'VT', 'Vermont', 'US', 0.00, ''),
	(56, 'WA', 'Washington', 'US', 0.00, ''),
	(57, 'WI', 'Wisconsin', 'US', 0.00, ''),
	(58, 'WV', 'West Virginia', 'US', 0.00, ''),
	(59, 'WY', 'Wyoming', 'US', 0.00, ''),
	(60, 'AA', 'Military Americas', 'US', 0.00, ''),
	(61, 'AE', 'Military Europe)ME)Canada', 'US', 0.00, ''),
	(62, 'AP', 'Military Pacific', 'US', 0.00, ''),
	(65, 'KL', 'Kerala', 'IN', 2.00, 'Kerala Special Tax');

INSERT IGNORE INTO `goStores_Vista_tags` (`tag_id`, `tag_name`, `status`) VALUES
	(1, 'Cart', 1);

INSERT IGNORE INTO `goStores_Vista_templates` (`id`, `template_name`, `banner_resolution`, `ad_resolution`, `ad_count`, `status`) VALUES
	(1, 'atzshop', '2420x534', '500x300', 3, 1),
	(2, 'linea', '2420x534', '288x534', 4, 1),
	(3, 'rapidshop', '1900x550', '500x300', 3, 1),
	(4, 'autima', '1900x550', '555x402', 2, 1),
	(5, 'ruger', '1920x781', '500x300', 3, 1),
        (6, 'vistacart', '2420x534', '288x534', 3, 1);

INSERT IGNORE INTO `goStores_Vista_vendors` (`vendor_id`, `vendor_name`, `vendor_code`, `status`) VALUES (1, 'Iscripts Gostores', 'MRA', 1);
INSERT INTO `goStores_User` (`vUsername`, `vPassword`, `vFirstName`, `vLastName`, `dLastLogin`, `dLastUpdated`, `vEmail`, `vInvoiceEmail`, `vAddress`, `vCountry`, `vState`, `vCity`, `vZipcode`, `vPhoneNumber`, `vFax`, `vActivationKey`, `nStatus`, `nAffId`, `vAffType`, `nRefId`,`nShopperId`) VALUES ('James', '91017d590a69dc49807671a51f10ab7f', 'James', 'Smith', '2015-10-14 03:35:41', '2015-10-13 17:05:41', 'demouser@iscripts.com', 'demouser@iscripts.com', 'address', '', 'address', '', '12345', '32324333', '', 're508909bee8b26', '1', 0, '', 0, NULL);
INSERT INTO `goStores_Vista_users` (`uname`, `password`, `email`, `reg_date`, `usertype`, `reg_status`, `user_credit`) VALUES ('user', '1a1dc91c907325c69271ddf0c944bc72', 'user@kidscorner.com', '2010-10-15 12:20:52', 'retail', 'R', 0);
INSERT INTO `goStores_Vista_settings` (`fieldname`, `value`) VALUES ('product_count', '1000');
INSERT INTO `goStores_Vista_settings` (`fieldname`, `value`) VALUES ('store_access_key', 'df3dsfs3535dsfs345vds');
INSERT INTO `goStores_Vista_advertisements` (`adfile`, `template_id`, `position`, `status`) VALUES ('AD1566907235.png', 6, 3, 1); 
INSERT INTO `goStores_Vista_advertisements` (`adfile`, `template_id`, `position`, `status`) VALUES ('AD1566907257.png', 6, 4, 1);
INSERT INTO `goStores_Vista_advertisements` (`adfile`, `template_id`, `position`, `status`) VALUES ('AD1566907214.png', 6, 1, 1);
INSERT INTO `goStores_Vista_advertisements` (`adfile`, `template_id`, `position`, `status`) VALUES ('AD1566907225.png', 6, 2, 1);
INSERT INTO `goStores_Vista_banners` (`bannerfile`, `status`, `template_id`, `displayorder`, `bannertitle`, `bannerdata`) VALUES ('BAN1566912618.png', 1, 6, 3, 'This Week Offer', '10% Offer'); INSERT INTO `vista_banners` (`bannerfile`, `status`, `template_id`, `displayorder`, `bannertitle`, `bannerdata`) VALUES ('BAN1566912594.png', 1, 6, 2, 'Summer Offer', '15% Offer'); INSERT INTO `vista_banners` (`bannerfile`, `status`, `template_id`, `displayorder`, `bannertitle`, `bannerdata`) VALUES ('BAN1566909335.png', 1, 6, 1, 'Big Offer', '50% Offer');
UPDATE `goStores_cms_settings` SET `cms_set_value` = 'Powered by iScripts GoStores. A premium product from iScripts.com' WHERE `goStores_cms_settings`.`id` =2;
INSERT INTO `goStores_Settings` (`settingfield`, `settinglabel`, `value`, `groupLabel`, `type`, `fieldOrder`, `helpText`) VALUES ('stripe_enable', 'Enable Stripe', 'N', 'Payment', 'checkbox', 0, NULL);
INSERT INTO `goStores_Settings` (`settingfield`, `settinglabel`, `value`, `groupLabel`, `type`, `fieldOrder`, `helpText`) VALUES ('stripe_live_publishkey', 'Stripe Live Publish Key', '', 'payment', NULL, 0, NULL);
INSERT INTO `goStores_Settings` (`settingfield`, `settinglabel`, `value`, `groupLabel`, `type`, `fieldOrder`, `helpText`) VALUES ('stripe_live_secretkey', 'Stripe Live Secret Key', '', 'payment', NULL, 0, NULL);
INSERT INTO `goStores_Settings` (`settingfield`, `settinglabel`, `value`, `groupLabel`, `type`, `fieldOrder`, `helpText`) VALUES ('stripe_live_webhook_secret_key', 'Stripe Live webhook Secret Key', '', 'payment', NULL, 0, NULL);
INSERT INTO `goStores_Settings` (`settingfield`, `settinglabel`, `value`, `groupLabel`, `type`, `fieldOrder`, `helpText`) VALUES ('stripe_sandbox_publishkey', 'Stripe Test Publish Key', '', 'Payment', NULL, 0, NULL);
INSERT INTO `goStores_Settings` (`settingfield`, `settinglabel`, `value`, `groupLabel`, `type`, `fieldOrder`, `helpText`) VALUES ('stripe_sandbox_secretkey', 'Stripe Test Secret Key', '', 'Payment', NULL, 0, NULL);
INSERT INTO `goStores_Settings` (`settingfield`, `settinglabel`, `value`, `groupLabel`, `type`, `fieldOrder`, `helpText`) VALUES ('stripe_test_mode', 'Stripe Test mode', 'Y', 'payment', NULL, 0, NULL);
INSERT INTO `goStores_Settings` (`settingfield`, `settinglabel`, `value`, `groupLabel`, `type`, `fieldOrder`, `helpText`) VALUES ('stripe_webhook_secret_key', 'Strip webhook secret key', '', 'Payment', NULL, 0, NULL);
INSERT INTO `goStores_Settings` (`settingfield`, `settinglabel`, `value`, `groupLabel`, `type`, `fieldOrder`, `helpText`) VALUES ('stripe_webhook_url', 'Stripe Webhook Url', 'http://yourdomain.com/index/stripepayment/', 'Payment', NULL, 0, NULL);

